{
  "type": "Feature",
  "properties": {
    "id": "imulas-dabas-taka_y4uh",
    "name": "Imulas dabas taka",
    "distanceMeters": 4645.7351764678615,
    "elevationGainM": 255,
    "elevationsM": [
      77,
      77,
      77,
      77,
      77,
      77,
      77,
      78,
      78,
      78,
      77,
      77,
      77,
      78,
      78,
      77,
      77,
      77,
      78,
      78,
      77,
      78,
      78,
      78,
      78,
      77,
      76,
      76,
      76,
      76,
      76,
      76,
      76,
      76,
      75,
      75,
      75,
      75,
      75,
      74,
      74,
      75,
      74,
      74,
      74,
      74,
      73,
      73,
      73,
      72,
      72,
      72,
      71,
      71,
      70,
      69,
      69,
      69,
      68,
      68,
      67,
      66,
      64,
      63,
      63,
      61,
      61,
      61,
      62,
      61,
      59,
      59,
      59,
      59,
      58,
      58,
      58,
      58,
      58,
      58,
      57,
      56,
      55,
      54,
      55,
      55,
      55,
      55,
      54,
      54,
      55,
      55,
      54,
      54,
      53,
      53,
      53,
      53,
      53,
      53,
      53,
      53,
      53,
      52,
      52,
      52,
      52,
      52,
      51,
      51,
      52,
      52,
      52,
      51,
      50,
      51,
      51,
      51,
      49,
      50,
      50,
      51,
      51,
      52,
      52,
      51,
      51,
      51,
      51,
      52,
      52,
      52,
      52,
      52,
      52,
      53,
      53,
      52,
      52,
      53,
      53,
      54,
      54,
      54,
      54,
      54,
      54,
      54,
      52,
      52,
      52,
      52,
      52,
      52,
      52,
      52,
      52,
      52,
      52,
      52,
      52,
      52,
      52,
      51,
      51,
      51,
      51,
      51,
      50,
      50,
      51,
      51,
      52,
      53,
      54,
      54,
      54,
      54,
      54,
      55,
      55,
      55,
      55,
      55,
      56,
      56,
      56,
      56,
      56,
      56,
      56,
      57,
      58,
      58,
      59,
      60,
      60,
      61,
      62,
      63,
      63,
      64,
      65,
      65,
      65,
      65,
      66,
      67,
      68,
      68,
      69,
      69,
      69,
      69,
      69,
      70,
      69,
      70,
      69,
      69,
      70,
      71,
      71,
      72,
      73,
      73,
      73,
      73,
      73,
      73,
      74,
      74,
      74,
      74,
      74,
      74,
      74,
      74,
      74,
      75,
      74,
      74,
      74,
      74,
      74,
      74,
      74,
      74,
      74,
      74,
      75,
      75,
      75,
      75,
      75,
      75,
      76,
      76,
      76,
      76,
      76,
      76,
      75,
      75,
      75,
      75,
      75,
      75,
      75,
      75,
      76,
      76,
      76,
      76,
      75,
      75,
      75,
      76,
      75,
      76,
      76,
      76,
      76,
      76,
      76,
      76,
      76,
      75,
      75,
      75,
      75,
      75,
      75,
      75,
      75,
      75,
      76,
      76,
      75,
      75,
      75,
      75,
      76,
      76,
      76,
      76,
      75,
      76,
      76,
      75,
      76,
      76,
      76,
      76,
      76,
      76,
      75,
      75,
      75,
      77,
      78,
      77,
      76,
      76,
      76,
      78,
      77,
      76,
      76,
      75,
      75,
      75,
      75,
      73,
      73,
      73,
      73,
      73,
      72,
      72,
      71,
      70,
      69,
      69,
      68,
      68,
      68,
      68,
      68,
      67,
      66,
      66,
      65,
      66,
      65,
      65,
      65,
      65,
      65,
      65,
      65,
      64,
      64,
      63,
      62,
      61,
      61,
      61,
      60,
      60,
      60,
      59,
      58,
      57,
      57,
      57,
      57,
      56,
      54,
      54,
      53,
      52,
      52,
      52,
      51,
      51,
      50,
      48,
      48,
      48,
      48,
      48,
      48,
      48,
      48,
      48,
      48,
      48,
      48,
      48,
      49,
      48,
      48,
      48,
      49,
      49,
      49,
      49,
      49,
      50,
      49,
      49,
      49,
      49,
      49,
      49,
      49,
      49,
      49,
      49,
      49,
      51,
      51,
      51,
      51,
      51,
      51,
      51,
      51,
      51,
      51,
      50,
      50,
      50,
      50,
      50,
      50,
      50,
      50,
      50,
      50,
      50,
      50,
      50,
      50,
      50,
      50,
      49,
      48,
      48,
      48,
      48,
      48,
      48,
      49,
      49,
      49,
      48,
      48,
      49,
      49,
      49,
      49,
      49,
      50,
      49,
      49,
      49,
      49,
      50,
      50,
      50,
      50,
      50,
      50,
      50,
      50,
      50,
      50,
      49,
      50,
      49,
      50,
      49,
      49,
      49,
      49,
      48,
      48,
      49,
      50,
      50,
      50,
      50,
      50,
      51,
      51,
      52,
      52,
      53,
      54,
      54,
      55,
      55,
      55,
      56,
      56,
      56,
      55,
      55,
      56,
      56,
      56,
      56,
      56,
      56,
      56,
      56,
      56,
      56,
      56,
      56,
      56,
      56,
      56,
      56,
      56,
      56,
      56,
      56,
      56,
      57,
      57,
      58,
      58,
      58,
      59,
      60,
      59,
      59,
      59,
      59,
      58,
      58,
      57,
      56,
      56,
      56,
      56,
      56,
      56,
      55,
      54,
      53,
      53,
      52,
      53,
      53,
      52,
      52,
      52,
      52,
      52,
      52,
      52,
      51,
      51,
      51,
      51,
      51,
      51,
      50,
      49,
      48,
      48,
      48,
      47,
      46,
      46,
      45,
      45,
      44,
      43,
      43,
      43,
      43,
      43,
      42,
      42,
      42,
      42,
      42,
      43,
      43,
      43,
      42,
      42,
      40,
      39,
      39,
      39,
      39,
      39,
      39,
      39,
      39,
      39,
      39,
      39,
      39,
      39,
      39,
      39,
      39,
      39,
      39,
      39,
      39,
      39,
      39,
      39,
      39,
      39,
      39,
      39,
      39,
      39,
      39,
      39,
      39,
      39,
      38,
      39,
      38,
      38,
      38,
      38,
      37,
      37,
      37,
      37,
      37,
      38,
      38,
      37,
      37,
      37,
      38,
      38,
      39,
      39,
      38,
      38,
      38,
      38,
      38,
      38,
      38,
      38,
      37,
      38,
      38,
      38,
      38,
      38,
      37,
      37,
      37,
      37,
      38,
      38,
      37,
      36,
      36,
      36,
      37,
      38,
      38,
      37,
      37,
      37,
      37,
      37,
      37,
      38,
      38,
      38,
      37,
      38,
      38,
      38,
      38,
      38,
      38,
      37,
      38,
      37,
      38,
      38,
      37,
      37,
      37,
      36,
      36,
      37,
      37,
      37,
      37,
      37,
      37,
      37,
      37,
      37,
      37,
      37,
      37,
      37,
      37,
      37,
      37,
      37,
      38,
      37,
      38,
      38,
      39,
      39,
      38,
      39,
      39,
      39,
      39,
      39,
      39,
      39,
      39,
      39,
      39,
      39,
      39,
      39,
      39,
      39,
      39,
      39,
      39,
      39,
      39,
      39,
      39,
      39,
      39,
      39,
      40,
      40,
      41,
      42,
      42,
      42,
      42,
      42,
      42,
      42,
      42,
      41,
      42,
      42,
      42,
      42,
      42,
      42,
      42,
      42,
      42,
      42,
      42,
      42,
      42,
      42,
      42,
      42,
      42,
      42,
      42,
      42,
      42,
      42,
      42,
      42,
      42,
      42,
      42,
      42,
      42,
      42,
      42,
      42,
      42,
      42,
      42,
      48,
      48,
      48,
      48,
      48,
      48,
      49,
      50,
      51,
      52,
      52,
      52,
      53,
      53,
      53,
      54,
      55,
      55,
      55,
      54,
      54,
      54,
      54,
      54,
      53,
      53,
      52,
      53,
      52,
      52,
      52,
      52,
      52,
      51,
      51,
      51,
      51,
      51,
      50,
      50,
      51,
      51,
      51,
      51,
      52,
      52,
      51,
      51,
      51,
      51,
      51,
      51,
      51,
      51,
      50,
      50,
      50,
      50,
      51,
      51,
      51,
      51,
      51,
      51,
      51,
      51,
      51,
      51,
      51,
      51,
      51,
      51,
      52,
      52,
      52,
      52,
      52,
      52,
      53,
      53,
      52,
      52,
      52,
      53,
      54,
      54,
      54,
      54,
      53,
      53,
      53,
      53,
      54,
      54,
      54,
      53,
      53,
      54,
      54,
      53,
      53,
      53,
      53,
      53,
      53,
      53,
      54,
      53,
      53,
      53,
      53,
      53,
      53,
      53,
      53,
      53,
      52,
      52,
      51,
      51,
      50,
      49,
      49,
      48,
      48,
      48,
      49,
      48,
      48,
      48,
      48,
      48,
      49,
      48,
      48,
      49,
      49,
      49,
      49,
      49,
      49,
      49,
      49,
      49,
      49,
      49,
      49,
      49,
      48,
      49,
      49,
      49,
      49,
      49,
      49,
      49,
      49,
      49,
      49,
      49,
      49,
      49,
      49,
      49,
      49,
      50,
      50,
      49,
      49,
      48,
      48,
      48,
      49,
      49,
      49,
      49,
      49,
      48,
      48,
      48,
      48,
      49,
      49,
      48,
      48,
      49,
      49,
      49,
      48,
      49,
      49,
      49,
      49,
      49,
      49,
      49,
      49,
      49,
      49,
      49,
      49,
      49,
      50,
      50,
      50,
      50,
      49,
      49,
      49,
      50,
      50,
      50,
      50,
      50,
      49,
      50,
      50,
      50,
      50,
      50,
      50,
      49,
      50,
      50,
      49,
      48,
      49,
      49,
      49,
      48,
      48,
      48,
      47,
      47,
      46,
      44,
      44,
      43,
      42,
      42,
      42,
      40,
      39,
      38,
      38,
      37,
      37,
      36,
      36,
      36,
      36,
      36,
      36,
      36,
      36,
      36,
      36,
      36,
      36,
      36,
      36,
      36,
      36,
      36,
      36,
      36,
      36,
      36,
      36,
      36,
      36,
      36,
      35,
      35,
      35,
      36,
      36,
      36,
      35,
      35,
      35,
      35,
      35,
      35,
      35,
      35,
      35,
      35,
      36,
      35,
      35,
      35,
      35,
      35,
      35,
      35,
      35,
      35,
      35,
      35,
      35,
      35,
      36,
      36,
      36,
      35,
      35,
      35,
      35,
      35,
      35,
      35,
      36,
      35,
      35,
      35,
      35,
      35,
      35,
      35,
      36,
      36,
      36,
      36,
      36,
      36,
      36,
      35,
      35,
      35,
      36,
      36,
      36,
      36,
      35,
      35,
      35,
      35,
      35,
      35,
      35,
      35,
      35,
      35,
      35,
      35,
      35,
      35,
      35,
      35,
      35,
      35,
      35,
      35,
      35,
      35,
      35,
      35,
      35,
      35,
      35,
      35,
      35,
      35.25,
      40.25,
      34,
      34,
      34,
      34,
      34,
      34,
      34,
      34,
      34,
      34,
      34,
      34,
      35,
      35,
      35,
      35,
      35,
      35,
      35,
      35,
      35,
      35,
      41,
      41,
      41,
      41,
      42,
      43,
      43,
      44,
      44,
      45,
      45,
      45,
      46,
      47,
      47,
      48,
      49,
      49,
      50,
      51,
      51,
      52,
      52,
      52,
      53,
      54,
      54,
      55,
      55,
      56,
      56,
      56,
      57,
      58,
      58,
      58,
      58,
      59,
      60,
      60,
      61,
      62,
      62,
      62,
      63,
      64,
      64,
      65,
      66,
      66,
      66,
      66,
      67,
      67,
      67,
      66,
      66,
      68,
      68,
      68,
      68,
      69,
      69,
      69,
      70,
      69,
      69,
      69,
      70,
      70,
      70,
      70,
      70,
      70,
      70,
      70,
      71,
      71,
      71,
      72,
      70,
      71,
      71,
      71,
      71,
      71,
      71,
      72,
      73,
      72,
      72,
      73,
      73,
      74,
      74,
      74,
      74,
      75,
      75,
      76,
      75,
      76,
      76,
      76,
      76,
      76,
      76,
      76,
      76,
      76,
      76,
      76,
      75,
      75,
      76,
      76,
      76,
      76,
      76,
      76,
      76,
      76,
      76,
      76,
      76,
      76,
      76,
      76,
      77,
      77,
      77,
      78,
      77,
      77,
      76,
      76,
      76,
      76,
      76,
      76,
      77,
      77,
      78,
      77,
      77,
      77,
      77,
      77,
      77,
      76,
      77,
      77,
      77,
      77,
      77,
      77,
      76,
      77,
      77,
      76,
      76,
      77,
      77,
      77,
      77,
      76,
      76,
      76,
      76,
      76,
      76,
      76,
      76,
      76,
      76,
      76,
      76,
      76,
      76,
      76,
      76,
      76,
      76,
      76,
      76,
      75,
      75,
      75,
      75,
      75,
      75,
      75,
      75,
      75,
      75,
      75,
      76,
      76,
      77,
      76,
      76,
      75,
      75,
      75,
      75,
      75,
      75,
      76,
      75,
      75,
      75,
      77,
      76,
      75,
      76,
      75,
      75,
      75,
      75,
      75,
      75,
      75,
      75,
      75,
      75,
      75,
      75,
      75,
      75,
      75,
      75,
      75,
      75,
      75,
      75,
      75,
      74,
      74,
      75,
      75,
      75,
      75,
      75,
      75,
      75,
      75,
      75,
      75,
      75,
      75,
      75,
      75,
      75,
      75,
      75,
      75,
      75,
      75,
      75,
      75,
      75,
      75,
      75,
      75,
      76,
      75,
      76,
      74,
      74,
      74,
      75,
      75,
      75,
      75,
      76,
      75,
      75,
      75,
      75,
      75,
      75,
      75,
      75,
      75,
      75,
      75,
      75,
      75,
      75,
      75,
      75,
      75,
      75,
      76,
      76,
      75,
      76,
      76,
      76,
      76,
      76,
      76,
      76,
      77,
      77,
      77,
      77,
      77,
      77,
      77,
      77,
      77,
      77,
      77,
      77,
      77,
      77,
      77,
      77,
      77,
      77,
      77,
      77,
      77,
      77,
      77,
      77,
      77,
      77,
      77,
      77,
      77,
      77,
      77,
      77,
      77,
      77,
      77,
      77,
      77,
      77,
      77,
      77,
      77,
      77,
      77,
      77,
      77,
      77,
      77,
      77,
      77,
      77,
      77,
      77,
      77,
      77,
      77,
      77,
      77,
      77,
      77,
      77,
      77,
      77,
      77,
      77,
      77,
      77,
      77,
      77,
      77,
      77,
      77,
      77,
      77,
      77,
      77,
      77,
      77,
      77,
      77,
      77,
      77,
      77,
      77,
      77,
      77,
      77,
      77,
      77,
      77,
      77,
      77,
      77,
      77,
      77,
      77,
      77,
      77,
      77,
      77,
      77,
      77,
      77,
      77,
      77,
      77,
      77,
      77,
      77,
      77,
      77,
      77,
      77,
      77,
      77,
      77,
      77,
      77,
      77,
      77,
      77,
      77,
      77,
      77,
      77,
      77,
      77,
      77,
      77
    ]
  },
  "geometry": {
    "type": "LineString",
    "coordinates": [
      [
        22.623758,
        57.00175
      ],
      [
        22.623682,
        57.001801
      ],
      [
        22.623646,
        57.001802
      ],
      [
        22.623563,
        57.001799
      ],
      [
        22.623527,
        57.001799
      ],
      [
        22.62344,
        57.001792
      ],
      [
        22.623366,
        57.001795
      ],
      [
        22.623366,
        57.001795
      ],
      [
        22.623366,
        57.001795
      ],
      [
        22.623331,
        57.001794
      ],
      [
        22.62324,
        57.001782
      ],
      [
        22.623147,
        57.001771
      ],
      [
        22.623064,
        57.001764
      ],
      [
        22.62298,
        57.001763
      ],
      [
        22.62298,
        57.001763
      ],
      [
        22.622927,
        57.00176
      ],
      [
        22.622803,
        57.001752
      ],
      [
        22.622728,
        57.001743
      ],
      [
        22.622635,
        57.001741
      ],
      [
        22.622545,
        57.001739
      ],
      [
        22.622462,
        57.001731
      ],
      [
        22.622387,
        57.001733
      ],
      [
        22.622387,
        57.001733
      ],
      [
        22.622387,
        57.001733
      ],
      [
        22.622342,
        57.00173
      ],
      [
        22.622247,
        57.001725
      ],
      [
        22.622141,
        57.001723
      ],
      [
        22.622043,
        57.00172
      ],
      [
        22.621894,
        57.001723
      ],
      [
        22.621862,
        57.001726
      ],
      [
        22.621862,
        57.001726
      ],
      [
        22.621862,
        57.001726
      ],
      [
        22.621862,
        57.001726
      ],
      [
        22.62182,
        57.001718
      ],
      [
        22.621768,
        57.001712
      ],
      [
        22.621671,
        57.001714
      ],
      [
        22.621671,
        57.001714
      ],
      [
        22.621671,
        57.001714
      ],
      [
        22.621582,
        57.001726
      ],
      [
        22.621494,
        57.001749
      ],
      [
        22.621415,
        57.001773
      ],
      [
        22.621347,
        57.001793
      ],
      [
        22.621347,
        57.001793
      ],
      [
        22.621347,
        57.001793
      ],
      [
        22.621303,
        57.001783
      ],
      [
        22.621232,
        57.001771
      ],
      [
        22.621232,
        57.001771
      ],
      [
        22.621232,
        57.001771
      ],
      [
        22.621197,
        57.001775
      ],
      [
        22.621129,
        57.001777
      ],
      [
        22.621129,
        57.001777
      ],
      [
        22.621129,
        57.001777
      ],
      [
        22.621129,
        57.001777
      ],
      [
        22.621096,
        57.001771
      ],
      [
        22.621028,
        57.00176
      ],
      [
        22.620957,
        57.001751
      ],
      [
        22.620957,
        57.001751
      ],
      [
        22.620957,
        57.001751
      ],
      [
        22.620919,
        57.001746
      ],
      [
        22.620919,
        57.001746
      ],
      [
        22.620838,
        57.001737
      ],
      [
        22.620805,
        57.001735
      ],
      [
        22.620726,
        57.001729
      ],
      [
        22.620684,
        57.001735
      ],
      [
        22.620608,
        57.001756
      ],
      [
        22.620574,
        57.001757
      ],
      [
        22.620538,
        57.001765
      ],
      [
        22.620538,
        57.001765
      ],
      [
        22.620538,
        57.001765
      ],
      [
        22.620478,
        57.001754
      ],
      [
        22.620478,
        57.001754
      ],
      [
        22.620397,
        57.001751
      ],
      [
        22.620367,
        57.001736
      ],
      [
        22.620367,
        57.001736
      ],
      [
        22.620367,
        57.001736
      ],
      [
        22.620367,
        57.001736
      ],
      [
        22.620367,
        57.001736
      ],
      [
        22.620367,
        57.001736
      ],
      [
        22.620367,
        57.001736
      ],
      [
        22.620309,
        57.001761
      ],
      [
        22.620276,
        57.001771
      ],
      [
        22.62011,
        57.001762
      ],
      [
        22.620074,
        57.001757
      ],
      [
        22.61999,
        57.00176
      ],
      [
        22.61999,
        57.00176
      ],
      [
        22.619957,
        57.001759
      ],
      [
        22.619957,
        57.001759
      ],
      [
        22.619927,
        57.001774
      ],
      [
        22.619893,
        57.001768
      ],
      [
        22.619898,
        57.001747
      ],
      [
        22.619898,
        57.001747
      ],
      [
        22.619898,
        57.001747
      ],
      [
        22.619882,
        57.001766
      ],
      [
        22.61981,
        57.001782
      ],
      [
        22.61981,
        57.001782
      ],
      [
        22.619782,
        57.001797
      ],
      [
        22.619782,
        57.001797
      ],
      [
        22.619789,
        57.001816
      ],
      [
        22.619779,
        57.00184
      ],
      [
        22.619742,
        57.001877
      ],
      [
        22.619727,
        57.001918
      ],
      [
        22.619721,
        57.001935
      ],
      [
        22.619722,
        57.001954
      ],
      [
        22.619714,
        57.001974
      ],
      [
        22.619714,
        57.001974
      ],
      [
        22.619714,
        57.001974
      ],
      [
        22.619707,
        57.001994
      ],
      [
        22.619657,
        57.002035
      ],
      [
        22.619651,
        57.002067
      ],
      [
        22.619657,
        57.00209
      ],
      [
        22.619657,
        57.00209
      ],
      [
        22.619657,
        57.00209
      ],
      [
        22.619661,
        57.002112
      ],
      [
        22.619663,
        57.002132
      ],
      [
        22.619666,
        57.002155
      ],
      [
        22.619666,
        57.002155
      ],
      [
        22.619643,
        57.0022
      ],
      [
        22.619615,
        57.002247
      ],
      [
        22.619615,
        57.002247
      ],
      [
        22.61962,
        57.002268
      ],
      [
        22.619639,
        57.002287
      ],
      [
        22.61966,
        57.00233
      ],
      [
        22.61967,
        57.002351
      ],
      [
        22.61967,
        57.002351
      ],
      [
        22.61967,
        57.002351
      ],
      [
        22.619678,
        57.002369
      ],
      [
        22.619716,
        57.002407
      ],
      [
        22.619784,
        57.002487
      ],
      [
        22.6198,
        57.002506
      ],
      [
        22.619792,
        57.002525
      ],
      [
        22.619792,
        57.002525
      ],
      [
        22.619792,
        57.002525
      ],
      [
        22.61978,
        57.002544
      ],
      [
        22.619801,
        57.002592
      ],
      [
        22.619801,
        57.002617
      ],
      [
        22.619801,
        57.002617
      ],
      [
        22.619801,
        57.002617
      ],
      [
        22.619822,
        57.002634
      ],
      [
        22.61987,
        57.002671
      ],
      [
        22.619921,
        57.00271
      ],
      [
        22.619974,
        57.002755
      ],
      [
        22.620005,
        57.002795
      ],
      [
        22.620021,
        57.002845
      ],
      [
        22.620052,
        57.002884
      ],
      [
        22.620056,
        57.002977
      ],
      [
        22.620032,
        57.003046
      ],
      [
        22.620009,
        57.003091
      ],
      [
        22.619988,
        57.003132
      ],
      [
        22.619984,
        57.003196
      ],
      [
        22.619982,
        57.003246
      ],
      [
        22.619987,
        57.003277
      ],
      [
        22.619984,
        57.003297
      ],
      [
        22.619985,
        57.003367
      ],
      [
        22.620027,
        57.003424
      ],
      [
        22.620013,
        57.003463
      ],
      [
        22.619999,
        57.00349
      ],
      [
        22.619967,
        57.003532
      ],
      [
        22.619936,
        57.003575
      ],
      [
        22.619915,
        57.003618
      ],
      [
        22.619916,
        57.003638
      ],
      [
        22.619916,
        57.003638
      ],
      [
        22.619916,
        57.003638
      ],
      [
        22.619874,
        57.003679
      ],
      [
        22.61982,
        57.003711
      ],
      [
        22.619782,
        57.003715
      ],
      [
        22.619744,
        57.003704
      ],
      [
        22.619744,
        57.003704
      ],
      [
        22.619744,
        57.003704
      ],
      [
        22.619779,
        57.003743
      ],
      [
        22.619795,
        57.003772
      ],
      [
        22.619833,
        57.00381
      ],
      [
        22.619886,
        57.00388
      ],
      [
        22.619897,
        57.003897
      ],
      [
        22.619911,
        57.003948
      ],
      [
        22.619929,
        57.003963
      ],
      [
        22.619944,
        57.004003
      ],
      [
        22.619937,
        57.004047
      ],
      [
        22.619947,
        57.00407
      ],
      [
        22.619955,
        57.004108
      ],
      [
        22.619972,
        57.004142
      ],
      [
        22.619984,
        57.004168
      ],
      [
        22.619949,
        57.004204
      ],
      [
        22.619949,
        57.004204
      ],
      [
        22.619961,
        57.004223
      ],
      [
        22.619947,
        57.004242
      ],
      [
        22.619959,
        57.004283
      ],
      [
        22.619951,
        57.004308
      ],
      [
        22.619951,
        57.004308
      ],
      [
        22.619951,
        57.004308
      ],
      [
        22.61995,
        57.004331
      ],
      [
        22.61998,
        57.004339
      ],
      [
        22.620023,
        57.00433
      ],
      [
        22.620023,
        57.00433
      ],
      [
        22.620023,
        57.00433
      ],
      [
        22.620059,
        57.004338
      ],
      [
        22.6201,
        57.004331
      ],
      [
        22.620132,
        57.00432
      ],
      [
        22.620157,
        57.004338
      ],
      [
        22.62019,
        57.00434
      ],
      [
        22.620221,
        57.004354
      ],
      [
        22.620221,
        57.004354
      ],
      [
        22.620245,
        57.004384
      ],
      [
        22.620245,
        57.004384
      ],
      [
        22.620245,
        57.004384
      ],
      [
        22.620281,
        57.004392
      ],
      [
        22.620318,
        57.004393
      ],
      [
        22.620318,
        57.004393
      ],
      [
        22.620357,
        57.004426
      ],
      [
        22.620357,
        57.004426
      ],
      [
        22.620357,
        57.004426
      ],
      [
        22.620357,
        57.004426
      ],
      [
        22.620393,
        57.004434
      ],
      [
        22.620427,
        57.004436
      ],
      [
        22.620454,
        57.004449
      ],
      [
        22.620454,
        57.004449
      ],
      [
        22.620454,
        57.004449
      ],
      [
        22.620454,
        57.004449
      ],
      [
        22.620454,
        57.004449
      ],
      [
        22.620454,
        57.004449
      ],
      [
        22.620454,
        57.004449
      ],
      [
        22.620487,
        57.004456
      ],
      [
        22.620487,
        57.004456
      ],
      [
        22.620561,
        57.004459
      ],
      [
        22.620561,
        57.004459
      ],
      [
        22.620597,
        57.004464
      ],
      [
        22.620633,
        57.004468
      ],
      [
        22.620707,
        57.004489
      ],
      [
        22.620707,
        57.004489
      ],
      [
        22.620745,
        57.004481
      ],
      [
        22.620745,
        57.004481
      ],
      [
        22.620817,
        57.004469
      ],
      [
        22.620817,
        57.004469
      ],
      [
        22.620848,
        57.004476
      ],
      [
        22.620886,
        57.004481
      ],
      [
        22.620963,
        57.004487
      ],
      [
        22.621035,
        57.004485
      ],
      [
        22.621035,
        57.004485
      ],
      [
        22.621102,
        57.004468
      ],
      [
        22.621172,
        57.004442
      ],
      [
        22.621249,
        57.004424
      ],
      [
        22.621328,
        57.004413
      ],
      [
        22.621328,
        57.004413
      ],
      [
        22.621328,
        57.004413
      ],
      [
        22.621328,
        57.004413
      ],
      [
        22.621328,
        57.004413
      ],
      [
        22.621328,
        57.004413
      ],
      [
        22.621328,
        57.004413
      ],
      [
        22.6214,
        57.004388
      ],
      [
        22.621502,
        57.004361
      ],
      [
        22.621534,
        57.004346
      ],
      [
        22.621605,
        57.004339
      ],
      [
        22.621653,
        57.004305
      ],
      [
        22.62168,
        57.004261
      ],
      [
        22.62168,
        57.004261
      ],
      [
        22.62168,
        57.004261
      ],
      [
        22.621716,
        57.004248
      ],
      [
        22.621805,
        57.004246
      ],
      [
        22.621847,
        57.004243
      ],
      [
        22.62189,
        57.004243
      ],
      [
        22.62189,
        57.004243
      ],
      [
        22.621927,
        57.004243
      ],
      [
        22.621927,
        57.004243
      ],
      [
        22.621988,
        57.004259
      ],
      [
        22.622065,
        57.004278
      ],
      [
        22.622103,
        57.004291
      ],
      [
        22.622169,
        57.004307
      ],
      [
        22.622237,
        57.004328
      ],
      [
        22.622302,
        57.004363
      ],
      [
        22.622339,
        57.004404
      ],
      [
        22.622336,
        57.004446
      ],
      [
        22.622336,
        57.004446
      ],
      [
        22.622336,
        57.004446
      ],
      [
        22.622311,
        57.004461
      ],
      [
        22.622272,
        57.004475
      ],
      [
        22.622198,
        57.00448
      ],
      [
        22.622095,
        57.004486
      ],
      [
        22.622058,
        57.004489
      ],
      [
        22.622058,
        57.004489
      ],
      [
        22.622058,
        57.004489
      ],
      [
        22.622058,
        57.004489
      ],
      [
        22.621988,
        57.00451
      ],
      [
        22.621921,
        57.004505
      ],
      [
        22.621916,
        57.004486
      ],
      [
        22.621916,
        57.004486
      ],
      [
        22.621918,
        57.004428
      ],
      [
        22.621918,
        57.004428
      ],
      [
        22.621918,
        57.004428
      ],
      [
        22.621879,
        57.004421
      ],
      [
        22.621808,
        57.004441
      ],
      [
        22.621771,
        57.004453
      ],
      [
        22.621771,
        57.004453
      ],
      [
        22.621771,
        57.004453
      ],
      [
        22.6217,
        57.004474
      ],
      [
        22.621637,
        57.004494
      ],
      [
        22.621592,
        57.00453
      ],
      [
        22.621573,
        57.004551
      ],
      [
        22.621539,
        57.004563
      ],
      [
        22.621492,
        57.004603
      ],
      [
        22.621435,
        57.004631
      ],
      [
        22.621392,
        57.004667
      ],
      [
        22.621329,
        57.004696
      ],
      [
        22.621256,
        57.004715
      ],
      [
        22.621223,
        57.004732
      ],
      [
        22.621223,
        57.004732
      ],
      [
        22.621223,
        57.004732
      ],
      [
        22.621223,
        57.004732
      ],
      [
        22.621223,
        57.004732
      ],
      [
        22.621181,
        57.004737
      ],
      [
        22.621161,
        57.004752
      ],
      [
        22.621144,
        57.004772
      ],
      [
        22.621125,
        57.004789
      ],
      [
        22.621068,
        57.004815
      ],
      [
        22.621068,
        57.004815
      ],
      [
        22.621036,
        57.004804
      ],
      [
        22.620998,
        57.004803
      ],
      [
        22.620946,
        57.00483
      ],
      [
        22.62087,
        57.004847
      ],
      [
        22.62083,
        57.00485
      ],
      [
        22.620758,
        57.004857
      ],
      [
        22.620758,
        57.004857
      ],
      [
        22.620758,
        57.004857
      ],
      [
        22.620669,
        57.004861
      ],
      [
        22.620596,
        57.004877
      ],
      [
        22.620559,
        57.004896
      ],
      [
        22.620542,
        57.004935
      ],
      [
        22.620527,
        57.004956
      ],
      [
        22.620527,
        57.004956
      ],
      [
        22.620403,
        57.004964
      ],
      [
        22.620323,
        57.004958
      ],
      [
        22.620318,
        57.00494
      ],
      [
        22.620261,
        57.004922
      ],
      [
        22.620224,
        57.004912
      ],
      [
        22.620112,
        57.004899
      ],
      [
        22.620034,
        57.004906
      ],
      [
        22.619996,
        57.004912
      ],
      [
        22.619956,
        57.004915
      ],
      [
        22.619918,
        57.004924
      ],
      [
        22.619875,
        57.00493
      ],
      [
        22.619842,
        57.004941
      ],
      [
        22.619788,
        57.004972
      ],
      [
        22.619755,
        57.00499
      ],
      [
        22.619712,
        57.005025
      ],
      [
        22.619687,
        57.005044
      ],
      [
        22.619669,
        57.005064
      ],
      [
        22.619638,
        57.005097
      ],
      [
        22.619605,
        57.005138
      ],
      [
        22.619605,
        57.005138
      ],
      [
        22.619598,
        57.005161
      ],
      [
        22.6196,
        57.00518
      ],
      [
        22.619589,
        57.005199
      ],
      [
        22.619567,
        57.005218
      ],
      [
        22.619567,
        57.005218
      ],
      [
        22.619559,
        57.005236
      ],
      [
        22.619559,
        57.005236
      ],
      [
        22.619581,
        57.005259
      ],
      [
        22.619581,
        57.005259
      ],
      [
        22.619586,
        57.00528
      ],
      [
        22.619586,
        57.00528
      ],
      [
        22.619586,
        57.00528
      ],
      [
        22.61957,
        57.005327
      ],
      [
        22.619572,
        57.005377
      ],
      [
        22.619578,
        57.005439
      ],
      [
        22.619576,
        57.005465
      ],
      [
        22.619574,
        57.005485
      ],
      [
        22.619579,
        57.005512
      ],
      [
        22.61957,
        57.005534
      ],
      [
        22.619579,
        57.005555
      ],
      [
        22.619574,
        57.00562
      ],
      [
        22.619587,
        57.005637
      ],
      [
        22.619614,
        57.005693
      ],
      [
        22.619623,
        57.00572
      ],
      [
        22.61963,
        57.005771
      ],
      [
        22.619662,
        57.00583
      ],
      [
        22.619674,
        57.005853
      ],
      [
        22.619676,
        57.005878
      ],
      [
        22.619678,
        57.005923
      ],
      [
        22.619641,
        57.005969
      ],
      [
        22.61958,
        57.006011
      ],
      [
        22.619498,
        57.006063
      ],
      [
        22.619453,
        57.00612
      ],
      [
        22.619445,
        57.00617
      ],
      [
        22.619411,
        57.006194
      ],
      [
        22.619356,
        57.006255
      ],
      [
        22.619365,
        57.006282
      ],
      [
        22.619344,
        57.006328
      ],
      [
        22.619282,
        57.006325
      ],
      [
        22.619207,
        57.006367
      ],
      [
        22.619203,
        57.006407
      ],
      [
        22.619223,
        57.006425
      ],
      [
        22.619249,
        57.00644
      ],
      [
        22.619279,
        57.006487
      ],
      [
        22.619318,
        57.00653
      ],
      [
        22.619325,
        57.00655
      ],
      [
        22.619359,
        57.006593
      ],
      [
        22.619373,
        57.006613
      ],
      [
        22.619439,
        57.006646
      ],
      [
        22.619466,
        57.006687
      ],
      [
        22.61949,
        57.006706
      ],
      [
        22.619516,
        57.006722
      ],
      [
        22.61957,
        57.006757
      ],
      [
        22.619617,
        57.006791
      ],
      [
        22.619617,
        57.006791
      ],
      [
        22.619617,
        57.006791
      ],
      [
        22.619617,
        57.006791
      ],
      [
        22.619628,
        57.006814
      ],
      [
        22.619654,
        57.006827
      ],
      [
        22.619654,
        57.006827
      ],
      [
        22.619654,
        57.006827
      ],
      [
        22.619688,
        57.006818
      ],
      [
        22.619732,
        57.006861
      ],
      [
        22.619784,
        57.006904
      ],
      [
        22.619819,
        57.006929
      ],
      [
        22.61985,
        57.006962
      ],
      [
        22.61988,
        57.007
      ],
      [
        22.619909,
        57.007037
      ],
      [
        22.619936,
        57.007085
      ],
      [
        22.619979,
        57.007118
      ],
      [
        22.620023,
        57.00715
      ],
      [
        22.620042,
        57.007176
      ],
      [
        22.620061,
        57.007195
      ],
      [
        22.620096,
        57.007241
      ],
      [
        22.620121,
        57.00728
      ],
      [
        22.620136,
        57.007316
      ],
      [
        22.620142,
        57.007349
      ],
      [
        22.620148,
        57.007383
      ],
      [
        22.620145,
        57.007418
      ],
      [
        22.620139,
        57.007454
      ],
      [
        22.620134,
        57.007489
      ],
      [
        22.620132,
        57.007541
      ],
      [
        22.620124,
        57.007576
      ],
      [
        22.620081,
        57.007571
      ],
      [
        22.620081,
        57.007571
      ],
      [
        22.620081,
        57.007571
      ],
      [
        22.620033,
        57.007583
      ],
      [
        22.620067,
        57.007602
      ],
      [
        22.6201,
        57.00762
      ],
      [
        22.620134,
        57.007639
      ],
      [
        22.620151,
        57.007648
      ],
      [
        22.620151,
        57.007648
      ],
      [
        22.620182,
        57.007654
      ],
      [
        22.620182,
        57.007654
      ],
      [
        22.620182,
        57.007654
      ],
      [
        22.620182,
        57.007654
      ],
      [
        22.620182,
        57.007654
      ],
      [
        22.62021,
        57.007666
      ],
      [
        22.62021,
        57.007666
      ],
      [
        22.62021,
        57.007666
      ],
      [
        22.620181,
        57.007714
      ],
      [
        22.620158,
        57.00773
      ],
      [
        22.620158,
        57.00773
      ],
      [
        22.620158,
        57.00773
      ],
      [
        22.620134,
        57.007754
      ],
      [
        22.620091,
        57.007735
      ],
      [
        22.620091,
        57.007735
      ],
      [
        22.620091,
        57.007735
      ],
      [
        22.620091,
        57.007735
      ],
      [
        22.620091,
        57.007735
      ],
      [
        22.620091,
        57.007735
      ],
      [
        22.620091,
        57.007735
      ],
      [
        22.620064,
        57.007747
      ],
      [
        22.620069,
        57.007765
      ],
      [
        22.620016,
        57.007794
      ],
      [
        22.619984,
        57.007798
      ],
      [
        22.619984,
        57.007798
      ],
      [
        22.619947,
        57.007802
      ],
      [
        22.619949,
        57.007822
      ],
      [
        22.619969,
        57.007843
      ],
      [
        22.619994,
        57.007862
      ],
      [
        22.619994,
        57.007862
      ],
      [
        22.620031,
        57.00786
      ],
      [
        22.620056,
        57.007876
      ],
      [
        22.620056,
        57.007876
      ],
      [
        22.620056,
        57.007876
      ],
      [
        22.620056,
        57.007876
      ],
      [
        22.620056,
        57.007876
      ],
      [
        22.620014,
        57.00787
      ],
      [
        22.620014,
        57.00787
      ],
      [
        22.620014,
        57.00787
      ],
      [
        22.620014,
        57.00787
      ],
      [
        22.619999,
        57.007852
      ],
      [
        22.619999,
        57.007852
      ],
      [
        22.620015,
        57.007868
      ],
      [
        22.620021,
        57.007894
      ],
      [
        22.620043,
        57.00791
      ],
      [
        22.620043,
        57.00791
      ],
      [
        22.620043,
        57.00791
      ],
      [
        22.620043,
        57.00791
      ],
      [
        22.620059,
        57.007937
      ],
      [
        22.620035,
        57.00797
      ],
      [
        22.620013,
        57.008015
      ],
      [
        22.620006,
        57.008034
      ],
      [
        22.620019,
        57.008065
      ],
      [
        22.620019,
        57.008065
      ],
      [
        22.620019,
        57.008065
      ],
      [
        22.62008,
        57.008087
      ],
      [
        22.620116,
        57.008096
      ],
      [
        22.620192,
        57.008096
      ],
      [
        22.620237,
        57.008089
      ],
      [
        22.620272,
        57.008106
      ],
      [
        22.62031,
        57.00813
      ],
      [
        22.620329,
        57.00815
      ],
      [
        22.620358,
        57.008164
      ],
      [
        22.620373,
        57.00818
      ],
      [
        22.620346,
        57.0082
      ],
      [
        22.620317,
        57.008239
      ],
      [
        22.620303,
        57.008277
      ],
      [
        22.620272,
        57.008314
      ],
      [
        22.62026,
        57.008332
      ],
      [
        22.620234,
        57.008375
      ],
      [
        22.620211,
        57.008418
      ],
      [
        22.620208,
        57.00846
      ],
      [
        22.620208,
        57.00846
      ],
      [
        22.6202,
        57.008486
      ],
      [
        22.620205,
        57.008531
      ],
      [
        22.620177,
        57.008551
      ],
      [
        22.620156,
        57.008568
      ],
      [
        22.620136,
        57.008605
      ],
      [
        22.620111,
        57.008648
      ],
      [
        22.620069,
        57.008681
      ],
      [
        22.620014,
        57.008718
      ],
      [
        22.61997,
        57.00875
      ],
      [
        22.619938,
        57.008771
      ],
      [
        22.619938,
        57.008771
      ],
      [
        22.619906,
        57.008797
      ],
      [
        22.619879,
        57.008812
      ],
      [
        22.619896,
        57.008828
      ],
      [
        22.619838,
        57.008858
      ],
      [
        22.619808,
        57.008874
      ],
      [
        22.619742,
        57.008897
      ],
      [
        22.619676,
        57.008924
      ],
      [
        22.619654,
        57.008939
      ],
      [
        22.6196,
        57.008976
      ],
      [
        22.619508,
        57.009028
      ],
      [
        22.619445,
        57.009058
      ],
      [
        22.619428,
        57.009077
      ],
      [
        22.619413,
        57.009119
      ],
      [
        22.619396,
        57.009142
      ],
      [
        22.619396,
        57.009142
      ],
      [
        22.619367,
        57.009157
      ],
      [
        22.619351,
        57.00918
      ],
      [
        22.619318,
        57.00919
      ],
      [
        22.619231,
        57.009234
      ],
      [
        22.619209,
        57.009248
      ],
      [
        22.619192,
        57.009266
      ],
      [
        22.619162,
        57.009279
      ],
      [
        22.619079,
        57.009293
      ],
      [
        22.619007,
        57.0093
      ],
      [
        22.618964,
        57.009304
      ],
      [
        22.618933,
        57.009314
      ],
      [
        22.618933,
        57.009314
      ],
      [
        22.6189,
        57.009317
      ],
      [
        22.618848,
        57.009349
      ],
      [
        22.618778,
        57.009364
      ],
      [
        22.618743,
        57.009369
      ],
      [
        22.618743,
        57.009369
      ],
      [
        22.618654,
        57.009371
      ],
      [
        22.618654,
        57.009371
      ],
      [
        22.61862,
        57.009361
      ],
      [
        22.618582,
        57.009353
      ],
      [
        22.618506,
        57.009362
      ],
      [
        22.618506,
        57.009362
      ],
      [
        22.618469,
        57.00936
      ],
      [
        22.618436,
        57.009357
      ],
      [
        22.618396,
        57.00935
      ],
      [
        22.618366,
        57.009338
      ],
      [
        22.618366,
        57.009338
      ],
      [
        22.618366,
        57.009338
      ],
      [
        22.618366,
        57.009338
      ],
      [
        22.61834,
        57.009321
      ],
      [
        22.61831,
        57.009309
      ],
      [
        22.618279,
        57.009317
      ],
      [
        22.618248,
        57.009325
      ],
      [
        22.618212,
        57.009331
      ],
      [
        22.618176,
        57.009331
      ],
      [
        22.618103,
        57.009349
      ],
      [
        22.618103,
        57.009349
      ],
      [
        22.618051,
        57.009387
      ],
      [
        22.618024,
        57.009428
      ],
      [
        22.618024,
        57.009428
      ],
      [
        22.618017,
        57.009451
      ],
      [
        22.618014,
        57.009496
      ],
      [
        22.618012,
        57.009538
      ],
      [
        22.618017,
        57.009562
      ],
      [
        22.618058,
        57.009603
      ],
      [
        22.618086,
        57.009646
      ],
      [
        22.618099,
        57.009668
      ],
      [
        22.618105,
        57.009708
      ],
      [
        22.618069,
        57.009779
      ],
      [
        22.618048,
        57.009795
      ],
      [
        22.618057,
        57.009838
      ],
      [
        22.618064,
        57.009865
      ],
      [
        22.618017,
        57.009897
      ],
      [
        22.618017,
        57.009897
      ],
      [
        22.618017,
        57.009897
      ],
      [
        22.618017,
        57.009897
      ],
      [
        22.618017,
        57.009897
      ],
      [
        22.617949,
        57.00992
      ],
      [
        22.61789,
        57.009934
      ],
      [
        22.617856,
        57.009948
      ],
      [
        22.617856,
        57.009948
      ],
      [
        22.61782,
        57.009937
      ],
      [
        22.617823,
        57.009917
      ],
      [
        22.617826,
        57.009898
      ],
      [
        22.617826,
        57.009898
      ],
      [
        22.617826,
        57.009898
      ],
      [
        22.617863,
        57.009901
      ],
      [
        22.617863,
        57.009901
      ],
      [
        22.617863,
        57.009901
      ],
      [
        22.617863,
        57.009901
      ],
      [
        22.617859,
        57.009878
      ],
      [
        22.617859,
        57.009878
      ],
      [
        22.617859,
        57.009878
      ],
      [
        22.617859,
        57.009878
      ],
      [
        22.617859,
        57.009878
      ],
      [
        22.617859,
        57.009878
      ],
      [
        22.617859,
        57.009878
      ],
      [
        22.617859,
        57.009878
      ],
      [
        22.617859,
        57.009878
      ],
      [
        22.617859,
        57.009878
      ],
      [
        22.617859,
        57.009878
      ],
      [
        22.617878,
        57.009896
      ],
      [
        22.617913,
        57.009947
      ],
      [
        22.617947,
        57.009997
      ],
      [
        22.617982,
        57.010072
      ],
      [
        22.617993,
        57.010138
      ],
      [
        22.618033,
        57.010201
      ],
      [
        22.618079,
        57.010245
      ],
      [
        22.61811,
        57.010288
      ],
      [
        22.61811,
        57.010288
      ],
      [
        22.61811,
        57.010288
      ],
      [
        22.618123,
        57.01031
      ],
      [
        22.618155,
        57.010357
      ],
      [
        22.61822,
        57.010417
      ],
      [
        22.618257,
        57.010466
      ],
      [
        22.61828,
        57.010485
      ],
      [
        22.618285,
        57.010528
      ],
      [
        22.618219,
        57.010589
      ],
      [
        22.618219,
        57.010589
      ],
      [
        22.618219,
        57.010589
      ],
      [
        22.618159,
        57.010605
      ],
      [
        22.618144,
        57.01067
      ],
      [
        22.618082,
        57.010707
      ],
      [
        22.618082,
        57.010707
      ],
      [
        22.618081,
        57.010674
      ],
      [
        22.618136,
        57.010641
      ],
      [
        22.618198,
        57.01058
      ],
      [
        22.618232,
        57.010547
      ],
      [
        22.61826,
        57.010528
      ],
      [
        22.618327,
        57.010533
      ],
      [
        22.618373,
        57.010579
      ],
      [
        22.618473,
        57.010615
      ],
      [
        22.618532,
        57.010643
      ],
      [
        22.618596,
        57.010662
      ],
      [
        22.618681,
        57.010694
      ],
      [
        22.618715,
        57.010743
      ],
      [
        22.618778,
        57.010804
      ],
      [
        22.618781,
        57.010844
      ],
      [
        22.618758,
        57.010862
      ],
      [
        22.618678,
        57.010925
      ],
      [
        22.618608,
        57.010972
      ],
      [
        22.618608,
        57.010972
      ],
      [
        22.618608,
        57.010972
      ],
      [
        22.618608,
        57.010972
      ],
      [
        22.618608,
        57.010972
      ],
      [
        22.618608,
        57.010972
      ],
      [
        22.618608,
        57.010972
      ],
      [
        22.618608,
        57.010972
      ],
      [
        22.618608,
        57.010972
      ],
      [
        22.618587,
        57.01099
      ],
      [
        22.618587,
        57.01099
      ],
      [
        22.618587,
        57.01099
      ],
      [
        22.618587,
        57.01099
      ],
      [
        22.618587,
        57.01099
      ],
      [
        22.618616,
        57.011001
      ],
      [
        22.618674,
        57.011028
      ],
      [
        22.618697,
        57.011041
      ],
      [
        22.618697,
        57.011041
      ],
      [
        22.618697,
        57.011041
      ],
      [
        22.618697,
        57.011041
      ],
      [
        22.618697,
        57.011041
      ],
      [
        22.618677,
        57.011026
      ],
      [
        22.618647,
        57.011009
      ],
      [
        22.618621,
        57.010972
      ],
      [
        22.618567,
        57.011006
      ],
      [
        22.618554,
        57.011014
      ],
      [
        22.618523,
        57.01105
      ],
      [
        22.618523,
        57.01105
      ],
      [
        22.618528,
        57.011025
      ],
      [
        22.618528,
        57.011025
      ],
      [
        22.618528,
        57.011025
      ],
      [
        22.618528,
        57.011025
      ],
      [
        22.618528,
        57.011025
      ],
      [
        22.618528,
        57.011025
      ],
      [
        22.618528,
        57.011025
      ],
      [
        22.618528,
        57.011025
      ],
      [
        22.618528,
        57.011025
      ],
      [
        22.618509,
        57.010971
      ],
      [
        22.618456,
        57.010934
      ],
      [
        22.618421,
        57.01091
      ],
      [
        22.618386,
        57.010886
      ],
      [
        22.618392,
        57.010861
      ],
      [
        22.618392,
        57.010861
      ],
      [
        22.618392,
        57.010861
      ],
      [
        22.618376,
        57.010842
      ],
      [
        22.618348,
        57.010831
      ],
      [
        22.618348,
        57.010831
      ],
      [
        22.618348,
        57.010831
      ],
      [
        22.618442,
        57.010874
      ],
      [
        22.618552,
        57.010912
      ],
      [
        22.618612,
        57.010939
      ],
      [
        22.618629,
        57.010958
      ],
      [
        22.618602,
        57.011009
      ],
      [
        22.618602,
        57.011009
      ],
      [
        22.618559,
        57.011046
      ],
      [
        22.61852,
        57.011085
      ],
      [
        22.61852,
        57.011085
      ],
      [
        22.61852,
        57.011085
      ],
      [
        22.618572,
        57.011054
      ],
      [
        22.618583,
        57.011032
      ],
      [
        22.618633,
        57.011001
      ],
      [
        22.618633,
        57.011001
      ],
      [
        22.618671,
        57.010985
      ],
      [
        22.618705,
        57.010932
      ],
      [
        22.618734,
        57.010892
      ],
      [
        22.618738,
        57.010848
      ],
      [
        22.618734,
        57.010827
      ],
      [
        22.618713,
        57.010779
      ],
      [
        22.618676,
        57.010744
      ],
      [
        22.618635,
        57.010711
      ],
      [
        22.618626,
        57.010689
      ],
      [
        22.618604,
        57.010667
      ],
      [
        22.618526,
        57.010643
      ],
      [
        22.61845,
        57.010619
      ],
      [
        22.618387,
        57.010606
      ],
      [
        22.618321,
        57.010608
      ],
      [
        22.618294,
        57.010596
      ],
      [
        22.618269,
        57.010584
      ],
      [
        22.61823,
        57.010531
      ],
      [
        22.618182,
        57.010473
      ],
      [
        22.618146,
        57.010437
      ],
      [
        22.618129,
        57.010417
      ],
      [
        22.618089,
        57.010353
      ],
      [
        22.618058,
        57.010309
      ],
      [
        22.618026,
        57.01027
      ],
      [
        22.617997,
        57.010234
      ],
      [
        22.617943,
        57.010201
      ],
      [
        22.61794,
        57.010159
      ],
      [
        22.617918,
        57.010115
      ],
      [
        22.617893,
        57.010068
      ],
      [
        22.61787,
        57.010053
      ],
      [
        22.617816,
        57.009987
      ],
      [
        22.617803,
        57.009971
      ],
      [
        22.617801,
        57.009857
      ],
      [
        22.617869,
        57.009842
      ],
      [
        22.617907,
        57.009846
      ],
      [
        22.617942,
        57.009841
      ],
      [
        22.617942,
        57.009841
      ],
      [
        22.618007,
        57.00984
      ],
      [
        22.618012,
        57.009846
      ],
      [
        22.618016,
        57.009851
      ],
      [
        22.618021,
        57.009857
      ],
      [
        22.618025,
        57.009862
      ],
      [
        22.61803,
        57.009868
      ],
      [
        22.618034,
        57.009873
      ],
      [
        22.618039,
        57.009879
      ],
      [
        22.618036,
        57.009897
      ],
      [
        22.618036,
        57.009897
      ],
      [
        22.618036,
        57.009897
      ],
      [
        22.618036,
        57.009897
      ],
      [
        22.618036,
        57.009897
      ],
      [
        22.618036,
        57.009897
      ],
      [
        22.618035,
        57.009917
      ],
      [
        22.618035,
        57.009917
      ],
      [
        22.618035,
        57.009917
      ],
      [
        22.618035,
        57.009917
      ],
      [
        22.618,
        57.009922
      ],
      [
        22.618,
        57.009922
      ],
      [
        22.618,
        57.009922
      ],
      [
        22.618,
        57.009922
      ],
      [
        22.617999,
        57.009935
      ],
      [
        22.618008,
        57.009927
      ],
      [
        22.618017,
        57.009918
      ],
      [
        22.618026,
        57.00991
      ],
      [
        22.618036,
        57.009902
      ],
      [
        22.618045,
        57.009894
      ],
      [
        22.618054,
        57.009885
      ],
      [
        22.618063,
        57.009877
      ],
      [
        22.618109,
        57.009871
      ],
      [
        22.618223,
        57.009892
      ],
      [
        22.618324,
        57.009907
      ],
      [
        22.6184,
        57.009933
      ],
      [
        22.618472,
        57.009951
      ],
      [
        22.61855,
        57.009964
      ],
      [
        22.618618,
        57.00998
      ],
      [
        22.618657,
        57.009982
      ],
      [
        22.618734,
        57.009995
      ],
      [
        22.618808,
        57.010013
      ],
      [
        22.618853,
        57.010047
      ],
      [
        22.618885,
        57.010055
      ],
      [
        22.618958,
        57.010076
      ],
      [
        22.618973,
        57.010093
      ],
      [
        22.618973,
        57.010093
      ],
      [
        22.618973,
        57.010093
      ],
      [
        22.619011,
        57.0101
      ],
      [
        22.619071,
        57.010131
      ],
      [
        22.619113,
        57.010135
      ],
      [
        22.619175,
        57.010162
      ],
      [
        22.619244,
        57.010187
      ],
      [
        22.619288,
        57.010201
      ],
      [
        22.619333,
        57.010207
      ],
      [
        22.619373,
        57.010215
      ],
      [
        22.619423,
        57.010244
      ],
      [
        22.619423,
        57.010244
      ],
      [
        22.619444,
        57.01023
      ],
      [
        22.619444,
        57.01023
      ],
      [
        22.619477,
        57.010236
      ],
      [
        22.619502,
        57.010252
      ],
      [
        22.619502,
        57.010252
      ],
      [
        22.619587,
        57.01026
      ],
      [
        22.619633,
        57.010265
      ],
      [
        22.619657,
        57.010279
      ],
      [
        22.619689,
        57.010294
      ],
      [
        22.61971,
        57.010309
      ],
      [
        22.619787,
        57.010355
      ],
      [
        22.61982,
        57.010372
      ],
      [
        22.619863,
        57.010381
      ],
      [
        22.619923,
        57.0104
      ],
      [
        22.619997,
        57.010412
      ],
      [
        22.620011,
        57.010428
      ],
      [
        22.620011,
        57.010428
      ],
      [
        22.620011,
        57.010428
      ],
      [
        22.620014,
        57.010453
      ],
      [
        22.620058,
        57.010491
      ],
      [
        22.62013,
        57.010511
      ],
      [
        22.62013,
        57.010511
      ],
      [
        22.620161,
        57.010519
      ],
      [
        22.620188,
        57.010539
      ],
      [
        22.620236,
        57.010573
      ],
      [
        22.620251,
        57.010589
      ],
      [
        22.620311,
        57.010615
      ],
      [
        22.620357,
        57.010619
      ],
      [
        22.620437,
        57.010643
      ],
      [
        22.620517,
        57.010661
      ],
      [
        22.620605,
        57.010672
      ],
      [
        22.620667,
        57.01069
      ],
      [
        22.62071,
        57.010725
      ],
      [
        22.62075,
        57.010758
      ],
      [
        22.620773,
        57.010772
      ],
      [
        22.620843,
        57.010801
      ],
      [
        22.620881,
        57.010814
      ],
      [
        22.620912,
        57.010824
      ],
      [
        22.620951,
        57.010862
      ],
      [
        22.620951,
        57.010862
      ],
      [
        22.620958,
        57.010881
      ],
      [
        22.621,
        57.010917
      ],
      [
        22.621,
        57.010917
      ],
      [
        22.621045,
        57.01095
      ],
      [
        22.621082,
        57.010969
      ],
      [
        22.621151,
        57.010996
      ],
      [
        22.621205,
        57.011028
      ],
      [
        22.621236,
        57.011048
      ],
      [
        22.621286,
        57.011085
      ],
      [
        22.621353,
        57.011133
      ],
      [
        22.621383,
        57.011149
      ],
      [
        22.621437,
        57.011179
      ],
      [
        22.621492,
        57.011208
      ],
      [
        22.621558,
        57.011244
      ],
      [
        22.621575,
        57.011263
      ],
      [
        22.621597,
        57.011279
      ],
      [
        22.621597,
        57.011279
      ],
      [
        22.621625,
        57.011297
      ],
      [
        22.621654,
        57.011311
      ],
      [
        22.621763,
        57.011344
      ],
      [
        22.62183,
        57.011367
      ],
      [
        22.621884,
        57.011393
      ],
      [
        22.621943,
        57.011427
      ],
      [
        22.622021,
        57.011449
      ],
      [
        22.622044,
        57.011463
      ],
      [
        22.622068,
        57.011479
      ],
      [
        22.622068,
        57.011479
      ],
      [
        22.622068,
        57.011479
      ],
      [
        22.622103,
        57.011485
      ],
      [
        22.622179,
        57.011514
      ],
      [
        22.622231,
        57.011552
      ],
      [
        22.622289,
        57.011593
      ],
      [
        22.622289,
        57.011593
      ],
      [
        22.622289,
        57.011593
      ],
      [
        22.622306,
        57.011609
      ],
      [
        22.622332,
        57.011625
      ],
      [
        22.622362,
        57.011643
      ],
      [
        22.622362,
        57.011643
      ],
      [
        22.622362,
        57.011643
      ],
      [
        22.622362,
        57.011643
      ],
      [
        22.622362,
        57.011643
      ],
      [
        22.622362,
        57.011643
      ],
      [
        22.622362,
        57.011643
      ],
      [
        22.622362,
        57.011643
      ],
      [
        22.622362,
        57.011643
      ],
      [
        22.622362,
        57.011643
      ],
      [
        22.622362,
        57.011643
      ],
      [
        22.622362,
        57.011643
      ],
      [
        22.622362,
        57.011643
      ],
      [
        22.622374,
        57.011661
      ],
      [
        22.622392,
        57.011678
      ],
      [
        22.622392,
        57.011678
      ],
      [
        22.622392,
        57.011678
      ],
      [
        22.622392,
        57.011678
      ],
      [
        22.622392,
        57.011678
      ],
      [
        22.622392,
        57.011678
      ],
      [
        22.622392,
        57.011678
      ],
      [
        22.622394,
        57.011702
      ],
      [
        22.622457,
        57.011736
      ],
      [
        22.622484,
        57.011753
      ],
      [
        22.622508,
        57.011774
      ],
      [
        22.622508,
        57.011774
      ],
      [
        22.622508,
        57.011774
      ],
      [
        22.622528,
        57.011795
      ],
      [
        22.622574,
        57.011828
      ],
      [
        22.622639,
        57.011879
      ],
      [
        22.622684,
        57.011914
      ],
      [
        22.622698,
        57.011954
      ],
      [
        22.622745,
        57.011984
      ],
      [
        22.622779,
        57.012002
      ],
      [
        22.622829,
        57.012044
      ],
      [
        22.622829,
        57.012044
      ],
      [
        22.622829,
        57.012044
      ],
      [
        22.622829,
        57.012044
      ],
      [
        22.622829,
        57.012044
      ],
      [
        22.622829,
        57.012044
      ],
      [
        22.622786,
        57.012052
      ],
      [
        22.622786,
        57.012052
      ],
      [
        22.622786,
        57.012052
      ],
      [
        22.622786,
        57.012052
      ],
      [
        22.622761,
        57.012068
      ],
      [
        22.622761,
        57.012068
      ],
      [
        22.622761,
        57.012068
      ],
      [
        22.622761,
        57.012068
      ],
      [
        22.622761,
        57.012068
      ],
      [
        22.622761,
        57.012068
      ],
      [
        22.622788,
        57.012057
      ],
      [
        22.622788,
        57.012057
      ],
      [
        22.622788,
        57.012057
      ],
      [
        22.622788,
        57.012057
      ],
      [
        22.622823,
        57.012056
      ],
      [
        22.622823,
        57.012056
      ],
      [
        22.622823,
        57.012056
      ],
      [
        22.622823,
        57.012056
      ],
      [
        22.622823,
        57.012056
      ],
      [
        22.622823,
        57.012056
      ],
      [
        22.622823,
        57.012056
      ],
      [
        22.622823,
        57.012056
      ],
      [
        22.622823,
        57.012056
      ],
      [
        22.622852,
        57.012041
      ],
      [
        22.622852,
        57.012041
      ],
      [
        22.62281,
        57.012046
      ],
      [
        22.622786,
        57.01206
      ],
      [
        22.622786,
        57.01206
      ],
      [
        22.622786,
        57.01206
      ],
      [
        22.622786,
        57.01206
      ],
      [
        22.622786,
        57.01206
      ],
      [
        22.622764,
        57.012074
      ],
      [
        22.622764,
        57.012074
      ],
      [
        22.622764,
        57.012074
      ],
      [
        22.622764,
        57.012074
      ],
      [
        22.622764,
        57.012074
      ],
      [
        22.622764,
        57.012074
      ],
      [
        22.622764,
        57.012074
      ],
      [
        22.622764,
        57.012074
      ],
      [
        22.622764,
        57.012074
      ],
      [
        22.622738,
        57.012086
      ],
      [
        22.622738,
        57.012086
      ],
      [
        22.622738,
        57.012086
      ],
      [
        22.622738,
        57.012086
      ],
      [
        22.622738,
        57.012086
      ],
      [
        22.62275,
        57.012103
      ],
      [
        22.62275,
        57.012103
      ],
      [
        22.62275,
        57.012103
      ],
      [
        22.62275,
        57.012103
      ],
      [
        22.62275,
        57.012103
      ],
      [
        22.62275,
        57.012103
      ],
      [
        22.62275,
        57.012103
      ],
      [
        22.622734,
        57.012087
      ],
      [
        22.622766,
        57.012081
      ],
      [
        22.622811,
        57.012075
      ],
      [
        22.62283,
        57.012057
      ],
      [
        22.62283,
        57.012057
      ],
      [
        22.622812,
        57.012037
      ],
      [
        22.622797,
        57.01202
      ],
      [
        22.622797,
        57.01202
      ],
      [
        22.622797,
        57.01202
      ],
      [
        22.622797,
        57.01202
      ],
      [
        22.622797,
        57.01202
      ],
      [
        22.622797,
        57.01202
      ],
      [
        22.622797,
        57.01202
      ],
      [
        22.622797,
        57.01202
      ],
      [
        22.622797,
        57.01202
      ],
      [
        22.622797,
        57.01202
      ],
      [
        22.622797,
        57.01202
      ],
      [
        22.622797,
        57.01202
      ],
      [
        22.622797,
        57.01202
      ],
      [
        22.622797,
        57.01202
      ],
      [
        22.622797,
        57.01202
      ],
      [
        22.622797,
        57.01202
      ],
      [
        22.622797,
        57.01202
      ],
      [
        22.622797,
        57.01202
      ],
      [
        22.622797,
        57.01202
      ],
      [
        22.622797,
        57.01202
      ],
      [
        22.622797,
        57.01202
      ],
      [
        22.622797,
        57.01202
      ],
      [
        22.622797,
        57.01202
      ],
      [
        22.622797,
        57.01202
      ],
      [
        22.622797,
        57.01202
      ],
      [
        22.622797,
        57.01202
      ],
      [
        22.622797,
        57.01202
      ],
      [
        22.622797,
        57.01202
      ],
      [
        22.622797,
        57.01202
      ],
      [
        22.62277,
        57.012032
      ],
      [
        22.62277,
        57.012032
      ],
      [
        22.62277,
        57.012032
      ],
      [
        22.62277,
        57.012032
      ],
      [
        22.62277,
        57.012032
      ],
      [
        22.62277,
        57.012032
      ],
      [
        22.62277,
        57.012032
      ],
      [
        22.62277,
        57.012032
      ],
      [
        22.62277,
        57.012032
      ],
      [
        22.62277,
        57.012032
      ],
      [
        22.62277,
        57.012032
      ],
      [
        22.62277,
        57.012032
      ],
      [
        22.622796,
        57.012051
      ],
      [
        22.622853,
        57.01208
      ],
      [
        22.622891,
        57.012098
      ],
      [
        22.622939,
        57.012131
      ],
      [
        22.62299,
        57.012162
      ],
      [
        22.623046,
        57.012194
      ],
      [
        22.623075,
        57.012208
      ],
      [
        22.623094,
        57.01223
      ],
      [
        22.623117,
        57.012244
      ],
      [
        22.623155,
        57.012253
      ],
      [
        22.623215,
        57.012296
      ],
      [
        22.623299,
        57.012309
      ],
      [
        22.623365,
        57.012328
      ],
      [
        22.6234,
        57.012368
      ],
      [
        22.623393,
        57.012386
      ],
      [
        22.623374,
        57.012431
      ],
      [
        22.623361,
        57.012448
      ],
      [
        22.623335,
        57.012507
      ],
      [
        22.623328,
        57.012558
      ],
      [
        22.623327,
        57.012613
      ],
      [
        22.623344,
        57.012688
      ],
      [
        22.623364,
        57.012732
      ],
      [
        22.623369,
        57.012752
      ],
      [
        22.623369,
        57.012752
      ],
      [
        22.623369,
        57.012752
      ],
      [
        22.623371,
        57.01277
      ],
      [
        22.62339,
        57.012838
      ],
      [
        22.623424,
        57.012881
      ],
      [
        22.623438,
        57.012927
      ],
      [
        22.623431,
        57.012969
      ],
      [
        22.623442,
        57.01301
      ],
      [
        22.623448,
        57.013058
      ],
      [
        22.623447,
        57.013104
      ],
      [
        22.623447,
        57.013143
      ],
      [
        22.623457,
        57.013186
      ],
      [
        22.623474,
        57.013253
      ],
      [
        22.623477,
        57.013297
      ],
      [
        22.623402,
        57.013314
      ],
      [
        22.62332,
        57.013322
      ],
      [
        22.62329,
        57.013333
      ],
      [
        22.623253,
        57.013338
      ],
      [
        22.623253,
        57.013338
      ],
      [
        22.623253,
        57.013338
      ],
      [
        22.623253,
        57.013338
      ],
      [
        22.623253,
        57.013338
      ],
      [
        22.623253,
        57.013338
      ],
      [
        22.623268,
        57.01332
      ],
      [
        22.623299,
        57.01331
      ],
      [
        22.623327,
        57.0133
      ],
      [
        22.623359,
        57.013289
      ],
      [
        22.623431,
        57.013296
      ],
      [
        22.623477,
        57.013332
      ],
      [
        22.623495,
        57.013348
      ],
      [
        22.623571,
        57.01341
      ],
      [
        22.623591,
        57.013433
      ],
      [
        22.62362,
        57.013476
      ],
      [
        22.623662,
        57.013548
      ],
      [
        22.623667,
        57.013592
      ],
      [
        22.623685,
        57.013612
      ],
      [
        22.623685,
        57.013612
      ],
      [
        22.623685,
        57.013612
      ],
      [
        22.623715,
        57.013657
      ],
      [
        22.623733,
        57.013705
      ],
      [
        22.623745,
        57.013754
      ],
      [
        22.623752,
        57.013799
      ],
      [
        22.623758,
        57.013837
      ],
      [
        22.623776,
        57.013878
      ],
      [
        22.623788,
        57.013938
      ],
      [
        22.623801,
        57.013959
      ],
      [
        22.623838,
        57.014
      ],
      [
        22.62387,
        57.014039
      ],
      [
        22.623884,
        57.014085
      ],
      [
        22.623844,
        57.014098
      ],
      [
        22.623768,
        57.014105
      ],
      [
        22.623745,
        57.014121
      ],
      [
        22.623705,
        57.014127
      ],
      [
        22.623618,
        57.014123
      ],
      [
        22.623536,
        57.014121
      ],
      [
        22.623457,
        57.014123
      ],
      [
        22.623389,
        57.014117
      ],
      [
        22.623318,
        57.014118
      ],
      [
        22.62324,
        57.014128
      ],
      [
        22.623159,
        57.014126
      ],
      [
        22.623134,
        57.014112
      ],
      [
        22.623134,
        57.014112
      ],
      [
        22.623134,
        57.014112
      ],
      [
        22.623098,
        57.014112
      ],
      [
        22.623041,
        57.014129
      ],
      [
        22.623017,
        57.01415
      ],
      [
        22.623017,
        57.01415
      ],
      [
        22.623017,
        57.01415
      ],
      [
        22.623017,
        57.01415
      ],
      [
        22.623017,
        57.01415
      ],
      [
        22.623017,
        57.01415
      ],
      [
        22.622981,
        57.014144
      ],
      [
        22.622961,
        57.014125
      ],
      [
        22.622961,
        57.014125
      ],
      [
        22.622961,
        57.014125
      ],
      [
        22.622961,
        57.014125
      ],
      [
        22.622961,
        57.014125
      ],
      [
        22.622961,
        57.014125
      ],
      [
        22.622961,
        57.014125
      ],
      [
        22.622997,
        57.014127
      ],
      [
        22.623087,
        57.014139
      ],
      [
        22.623123,
        57.014142
      ],
      [
        22.623209,
        57.014141
      ],
      [
        22.623281,
        57.014138
      ],
      [
        22.623357,
        57.014133
      ],
      [
        22.623394,
        57.014131
      ],
      [
        22.623468,
        57.014123
      ],
      [
        22.623545,
        57.014117
      ],
      [
        22.623659,
        57.014108
      ],
      [
        22.623737,
        57.014105
      ],
      [
        22.62381,
        57.014113
      ],
      [
        22.623885,
        57.014122
      ],
      [
        22.62395,
        57.014151
      ],
      [
        22.62395,
        57.014151
      ],
      [
        22.62395,
        57.014151
      ],
      [
        22.62395,
        57.014151
      ],
      [
        22.62395,
        57.014151
      ],
      [
        22.623979,
        57.014169
      ],
      [
        22.623979,
        57.014169
      ],
      [
        22.623979,
        57.014169
      ],
      [
        22.623998,
        57.014186
      ],
      [
        22.623998,
        57.014186
      ],
      [
        22.623973,
        57.014201
      ],
      [
        22.623973,
        57.014201
      ],
      [
        22.624015,
        57.014231
      ],
      [
        22.624041,
        57.014254
      ],
      [
        22.624053,
        57.014275
      ],
      [
        22.624057,
        57.014299
      ],
      [
        22.624057,
        57.014299
      ],
      [
        22.624073,
        57.014321
      ],
      [
        22.624091,
        57.014343
      ],
      [
        22.62391,
        57.014109
      ],
      [
        22.623624,
        57.013839
      ],
      [
        22.623261,
        57.012637
      ],
      [
        22.623309,
        57.012596
      ],
      [
        22.623369,
        57.012563
      ],
      [
        22.623451,
        57.012562
      ],
      [
        22.623526,
        57.012567
      ],
      [
        22.623601,
        57.012557
      ],
      [
        22.623648,
        57.012529
      ],
      [
        22.623682,
        57.012511
      ],
      [
        22.623697,
        57.012486
      ],
      [
        22.623714,
        57.012463
      ],
      [
        22.623714,
        57.012463
      ],
      [
        22.62368,
        57.012452
      ],
      [
        22.623695,
        57.012406
      ],
      [
        22.623705,
        57.012379
      ],
      [
        22.623712,
        57.012354
      ],
      [
        22.623734,
        57.01231
      ],
      [
        22.623765,
        57.012273
      ],
      [
        22.623765,
        57.012273
      ],
      [
        22.623771,
        57.012251
      ],
      [
        22.623777,
        57.01223
      ],
      [
        22.623777,
        57.01223
      ],
      [
        22.623777,
        57.01223
      ],
      [
        22.623747,
        57.012189
      ],
      [
        22.623739,
        57.012162
      ],
      [
        22.623756,
        57.012115
      ],
      [
        22.623745,
        57.012071
      ],
      [
        22.623753,
        57.012052
      ],
      [
        22.623752,
        57.012028
      ],
      [
        22.623773,
        57.012009
      ],
      [
        22.623812,
        57.011965
      ],
      [
        22.62382,
        57.011947
      ],
      [
        22.623837,
        57.0119
      ],
      [
        22.623848,
        57.01186
      ],
      [
        22.623875,
        57.011821
      ],
      [
        22.623898,
        57.011802
      ],
      [
        22.623925,
        57.011762
      ],
      [
        22.623941,
        57.01174
      ],
      [
        22.623947,
        57.011714
      ],
      [
        22.623971,
        57.011668
      ],
      [
        22.623985,
        57.011647
      ],
      [
        22.624013,
        57.011608
      ],
      [
        22.624032,
        57.011589
      ],
      [
        22.624036,
        57.011571
      ],
      [
        22.624056,
        57.011535
      ],
      [
        22.62407,
        57.011519
      ],
      [
        22.62407,
        57.011519
      ],
      [
        22.624075,
        57.011477
      ],
      [
        22.624074,
        57.011453
      ],
      [
        22.624086,
        57.011406
      ],
      [
        22.624093,
        57.011385
      ],
      [
        22.6241,
        57.01136
      ],
      [
        22.624103,
        57.011316
      ],
      [
        22.624117,
        57.011266
      ],
      [
        22.624115,
        57.011229
      ],
      [
        22.624116,
        57.011204
      ],
      [
        22.62412,
        57.011178
      ],
      [
        22.624128,
        57.011132
      ],
      [
        22.624129,
        57.011107
      ],
      [
        22.624135,
        57.011065
      ],
      [
        22.624134,
        57.011043
      ],
      [
        22.624125,
        57.011
      ],
      [
        22.624122,
        57.010979
      ],
      [
        22.624129,
        57.01096
      ],
      [
        22.624122,
        57.010912
      ],
      [
        22.624121,
        57.010892
      ],
      [
        22.624125,
        57.01087
      ],
      [
        22.624117,
        57.010829
      ],
      [
        22.624114,
        57.010809
      ],
      [
        22.624103,
        57.010785
      ],
      [
        22.624098,
        57.010762
      ],
      [
        22.624091,
        57.010743
      ],
      [
        22.624077,
        57.010702
      ],
      [
        22.624066,
        57.01068
      ],
      [
        22.624056,
        57.01066
      ],
      [
        22.624051,
        57.010638
      ],
      [
        22.624051,
        57.010638
      ],
      [
        22.624051,
        57.010638
      ],
      [
        22.624051,
        57.010638
      ],
      [
        22.62405,
        57.010614
      ],
      [
        22.62404,
        57.010572
      ],
      [
        22.624032,
        57.010531
      ],
      [
        22.624011,
        57.010514
      ],
      [
        22.624011,
        57.010514
      ],
      [
        22.624016,
        57.010469
      ],
      [
        22.624003,
        57.010428
      ],
      [
        22.62399,
        57.010387
      ],
      [
        22.623983,
        57.010368
      ],
      [
        22.623983,
        57.010368
      ],
      [
        22.623973,
        57.010349
      ],
      [
        22.623967,
        57.010307
      ],
      [
        22.623952,
        57.010267
      ],
      [
        22.623938,
        57.010221
      ],
      [
        22.623923,
        57.010177
      ],
      [
        22.62393,
        57.010157
      ],
      [
        22.62393,
        57.010157
      ],
      [
        22.62393,
        57.010157
      ],
      [
        22.62393,
        57.010157
      ],
      [
        22.623948,
        57.010174
      ],
      [
        22.623948,
        57.010174
      ],
      [
        22.623948,
        57.010174
      ],
      [
        22.623922,
        57.010154
      ],
      [
        22.623922,
        57.010154
      ],
      [
        22.623922,
        57.010154
      ],
      [
        22.623902,
        57.010109
      ],
      [
        22.623873,
        57.010039
      ],
      [
        22.623869,
        57.010012
      ],
      [
        22.623847,
        57.009938
      ],
      [
        22.623835,
        57.009888
      ],
      [
        22.623816,
        57.009841
      ],
      [
        22.6238,
        57.009801
      ],
      [
        22.623786,
        57.009762
      ],
      [
        22.623768,
        57.009718
      ],
      [
        22.623755,
        57.009678
      ],
      [
        22.62374,
        57.009631
      ],
      [
        22.623719,
        57.009588
      ],
      [
        22.623688,
        57.009545
      ],
      [
        22.623676,
        57.009506
      ],
      [
        22.623668,
        57.009487
      ],
      [
        22.623643,
        57.009441
      ],
      [
        22.623633,
        57.009399
      ],
      [
        22.623635,
        57.009352
      ],
      [
        22.623629,
        57.009311
      ],
      [
        22.623629,
        57.009291
      ],
      [
        22.623627,
        57.009267
      ],
      [
        22.623637,
        57.009221
      ],
      [
        22.623681,
        57.009185
      ],
      [
        22.623681,
        57.009185
      ],
      [
        22.623681,
        57.009185
      ],
      [
        22.623681,
        57.009185
      ],
      [
        22.623675,
        57.009166
      ],
      [
        22.623636,
        57.009167
      ],
      [
        22.623636,
        57.009167
      ],
      [
        22.623636,
        57.009167
      ],
      [
        22.623636,
        57.009167
      ],
      [
        22.623636,
        57.009167
      ],
      [
        22.623669,
        57.00915
      ],
      [
        22.623686,
        57.009106
      ],
      [
        22.62371,
        57.009061
      ],
      [
        22.623743,
        57.008986
      ],
      [
        22.623758,
        57.008943
      ],
      [
        22.623769,
        57.008901
      ],
      [
        22.623783,
        57.008884
      ],
      [
        22.623792,
        57.008836
      ],
      [
        22.623795,
        57.008817
      ],
      [
        22.623793,
        57.008769
      ],
      [
        22.623795,
        57.00873
      ],
      [
        22.623789,
        57.008683
      ],
      [
        22.623786,
        57.008643
      ],
      [
        22.62379,
        57.008601
      ],
      [
        22.623807,
        57.00856
      ],
      [
        22.623813,
        57.008521
      ],
      [
        22.623813,
        57.008521
      ],
      [
        22.623813,
        57.008521
      ],
      [
        22.623823,
        57.008499
      ],
      [
        22.623823,
        57.008499
      ],
      [
        22.623823,
        57.008499
      ],
      [
        22.623824,
        57.008456
      ],
      [
        22.623837,
        57.008437
      ],
      [
        22.623838,
        57.008398
      ],
      [
        22.623847,
        57.008356
      ],
      [
        22.623849,
        57.008315
      ],
      [
        22.623868,
        57.008273
      ],
      [
        22.623871,
        57.008249
      ],
      [
        22.623877,
        57.008206
      ],
      [
        22.623883,
        57.008165
      ],
      [
        22.623887,
        57.008146
      ],
      [
        22.623894,
        57.008107
      ],
      [
        22.623912,
        57.008064
      ],
      [
        22.623922,
        57.008044
      ],
      [
        22.623922,
        57.008044
      ],
      [
        22.623922,
        57.008044
      ],
      [
        22.623922,
        57.008044
      ],
      [
        22.623942,
        57.008062
      ],
      [
        22.623951,
        57.008082
      ],
      [
        22.623951,
        57.008082
      ],
      [
        22.623951,
        57.008082
      ],
      [
        22.623951,
        57.008082
      ],
      [
        22.623945,
        57.008064
      ],
      [
        22.623952,
        57.008036
      ],
      [
        22.623972,
        57.007987
      ],
      [
        22.62399,
        57.007941
      ],
      [
        22.624008,
        57.007902
      ],
      [
        22.624028,
        57.007864
      ],
      [
        22.624031,
        57.007844
      ],
      [
        22.624034,
        57.007825
      ],
      [
        22.62405,
        57.007788
      ],
      [
        22.624073,
        57.007748
      ],
      [
        22.624093,
        57.007707
      ],
      [
        22.624123,
        57.007647
      ],
      [
        22.624136,
        57.007623
      ],
      [
        22.624162,
        57.007582
      ],
      [
        22.624173,
        57.007559
      ],
      [
        22.624183,
        57.007519
      ],
      [
        22.624204,
        57.007478
      ],
      [
        22.624221,
        57.007441
      ],
      [
        22.624241,
        57.007402
      ],
      [
        22.624254,
        57.007364
      ],
      [
        22.624272,
        57.00732
      ],
      [
        22.624281,
        57.007296
      ],
      [
        22.624299,
        57.007258
      ],
      [
        22.624321,
        57.007222
      ],
      [
        22.62434,
        57.007183
      ],
      [
        22.624352,
        57.007145
      ],
      [
        22.624368,
        57.007106
      ],
      [
        22.624384,
        57.007064
      ],
      [
        22.624395,
        57.007026
      ],
      [
        22.624406,
        57.00699
      ],
      [
        22.624417,
        57.006963
      ],
      [
        22.62443,
        57.006922
      ],
      [
        22.624439,
        57.006881
      ],
      [
        22.624452,
        57.006839
      ],
      [
        22.624464,
        57.006797
      ],
      [
        22.624473,
        57.006754
      ],
      [
        22.62448,
        57.006711
      ],
      [
        22.624488,
        57.006671
      ],
      [
        22.624495,
        57.006628
      ],
      [
        22.6245,
        57.006566
      ],
      [
        22.624491,
        57.006548
      ],
      [
        22.624491,
        57.006548
      ],
      [
        22.624491,
        57.006548
      ],
      [
        22.624491,
        57.006548
      ],
      [
        22.624491,
        57.006548
      ],
      [
        22.624474,
        57.006532
      ],
      [
        22.624479,
        57.006484
      ],
      [
        22.624489,
        57.006442
      ],
      [
        22.6245,
        57.006374
      ],
      [
        22.624504,
        57.006329
      ],
      [
        22.62451,
        57.006286
      ],
      [
        22.624517,
        57.006244
      ],
      [
        22.624525,
        57.006205
      ],
      [
        22.624529,
        57.006164
      ],
      [
        22.624536,
        57.006123
      ],
      [
        22.624541,
        57.00608
      ],
      [
        22.624542,
        57.006059
      ],
      [
        22.624541,
        57.00604
      ],
      [
        22.624551,
        57.006023
      ],
      [
        22.624555,
        57.005984
      ],
      [
        22.62456,
        57.005963
      ],
      [
        22.624562,
        57.005944
      ],
      [
        22.624572,
        57.005905
      ],
      [
        22.624571,
        57.005883
      ],
      [
        22.624575,
        57.00584
      ],
      [
        22.624577,
        57.005821
      ],
      [
        22.624581,
        57.005777
      ],
      [
        22.624587,
        57.005736
      ],
      [
        22.6246,
        57.005699
      ],
      [
        22.6246,
        57.005699
      ],
      [
        22.624602,
        57.005635
      ],
      [
        22.624605,
        57.005593
      ],
      [
        22.624603,
        57.005557
      ],
      [
        22.624602,
        57.005515
      ],
      [
        22.624603,
        57.005473
      ],
      [
        22.624604,
        57.005434
      ],
      [
        22.624607,
        57.005391
      ],
      [
        22.624611,
        57.005351
      ],
      [
        22.624619,
        57.005311
      ],
      [
        22.624626,
        57.005272
      ],
      [
        22.624629,
        57.00523
      ],
      [
        22.624637,
        57.00519
      ],
      [
        22.624647,
        57.005147
      ],
      [
        22.62466,
        57.005125
      ],
      [
        22.624662,
        57.005077
      ],
      [
        22.624687,
        57.00504
      ],
      [
        22.624708,
        57.005003
      ],
      [
        22.624713,
        57.00496
      ],
      [
        22.624716,
        57.004917
      ],
      [
        22.624725,
        57.004875
      ],
      [
        22.624736,
        57.004831
      ],
      [
        22.624739,
        57.004785
      ],
      [
        22.624747,
        57.004767
      ],
      [
        22.624752,
        57.004718
      ],
      [
        22.624765,
        57.004675
      ],
      [
        22.624768,
        57.00463
      ],
      [
        22.624765,
        57.004608
      ],
      [
        22.624743,
        57.004562
      ],
      [
        22.624752,
        57.004499
      ],
      [
        22.624762,
        57.004457
      ],
      [
        22.624773,
        57.004417
      ],
      [
        22.624786,
        57.004377
      ],
      [
        22.624797,
        57.004335
      ],
      [
        22.624804,
        57.004293
      ],
      [
        22.624816,
        57.004251
      ],
      [
        22.624814,
        57.004231
      ],
      [
        22.624814,
        57.004231
      ],
      [
        22.624814,
        57.004231
      ],
      [
        22.624809,
        57.004205
      ],
      [
        22.624822,
        57.004161
      ],
      [
        22.62482,
        57.004116
      ],
      [
        22.624816,
        57.004067
      ],
      [
        22.624809,
        57.004023
      ],
      [
        22.624799,
        57.003978
      ],
      [
        22.624777,
        57.00393
      ],
      [
        22.624759,
        57.003883
      ],
      [
        22.624722,
        57.003816
      ],
      [
        22.624694,
        57.003773
      ],
      [
        22.624659,
        57.003731
      ],
      [
        22.624626,
        57.003689
      ],
      [
        22.624587,
        57.003648
      ],
      [
        22.624557,
        57.003608
      ],
      [
        22.62452,
        57.003567
      ],
      [
        22.624485,
        57.003527
      ],
      [
        22.62445,
        57.003487
      ],
      [
        22.624414,
        57.003447
      ],
      [
        22.62437,
        57.003407
      ],
      [
        22.62433,
        57.003365
      ],
      [
        22.624291,
        57.003322
      ],
      [
        22.624254,
        57.003283
      ],
      [
        22.624223,
        57.003243
      ],
      [
        22.624194,
        57.003203
      ],
      [
        22.624164,
        57.003163
      ],
      [
        22.62414,
        57.003123
      ],
      [
        22.624125,
        57.003082
      ],
      [
        22.624099,
        57.003019
      ],
      [
        22.624085,
        57.002976
      ],
      [
        22.624083,
        57.002933
      ],
      [
        22.624083,
        57.002891
      ],
      [
        22.624085,
        57.00285
      ],
      [
        22.624087,
        57.002809
      ],
      [
        22.624091,
        57.002769
      ],
      [
        22.624097,
        57.002729
      ],
      [
        22.624095,
        57.002688
      ],
      [
        22.624094,
        57.002646
      ],
      [
        22.624088,
        57.002604
      ],
      [
        22.624091,
        57.002561
      ],
      [
        22.624105,
        57.002516
      ],
      [
        22.624119,
        57.002472
      ],
      [
        22.624124,
        57.00243
      ],
      [
        22.624127,
        57.002386
      ],
      [
        22.624129,
        57.002341
      ],
      [
        22.62413,
        57.002296
      ],
      [
        22.624137,
        57.002249
      ],
      [
        22.624139,
        57.002204
      ],
      [
        22.624141,
        57.002162
      ],
      [
        22.624146,
        57.002121
      ],
      [
        22.624149,
        57.002081
      ],
      [
        22.624141,
        57.002032
      ],
      [
        22.624137,
        57.001985
      ],
      [
        22.624122,
        57.001936
      ],
      [
        22.624108,
        57.001889
      ],
      [
        22.624098,
        57.001842
      ],
      [
        22.624085,
        57.001798
      ],
      [
        22.624084,
        57.001753
      ],
      [
        22.624085,
        57.001713
      ],
      [
        22.624059,
        57.001678
      ],
      [
        22.623987,
        57.001668
      ],
      [
        22.623913,
        57.001651
      ],
      [
        22.623913,
        57.001651
      ],
      [
        22.623913,
        57.001651
      ],
      [
        22.623913,
        57.001651
      ],
      [
        22.623884,
        57.001665
      ],
      [
        22.623847,
        57.001707
      ],
      [
        22.623786,
        57.00174
      ],
      [
        22.623761,
        57.001758
      ],
      [
        22.623809,
        57.001715
      ],
      [
        22.62385,
        57.001676
      ],
      [
        22.623878,
        57.001642
      ],
      [
        22.623918,
        57.001631
      ],
      [
        22.623918,
        57.001631
      ],
      [
        22.623918,
        57.001631
      ],
      [
        22.623918,
        57.001631
      ],
      [
        22.623918,
        57.001631
      ],
      [
        22.623918,
        57.001631
      ],
      [
        22.623915,
        57.001649
      ],
      [
        22.623915,
        57.001649
      ],
      [
        22.623915,
        57.001649
      ],
      [
        22.623915,
        57.001649
      ],
      [
        22.623841,
        57.001693
      ],
      [
        22.623803,
        57.001728
      ],
      [
        22.623781,
        57.001745
      ],
      [
        22.62376,
        57.001763
      ],
      [
        22.62376,
        57.001763
      ],
      [
        22.62376,
        57.001763
      ],
      [
        22.62376,
        57.001763
      ],
      [
        22.62376,
        57.001763
      ],
      [
        22.62376,
        57.001763
      ],
      [
        22.62376,
        57.001763
      ],
      [
        22.62376,
        57.001763
      ],
      [
        22.62376,
        57.001763
      ],
      [
        22.62376,
        57.001763
      ],
      [
        22.62376,
        57.001763
      ],
      [
        22.62376,
        57.001763
      ],
      [
        22.62376,
        57.001763
      ],
      [
        22.62374,
        57.001747
      ],
      [
        22.62374,
        57.001747
      ],
      [
        22.62377,
        57.001763
      ],
      [
        22.62377,
        57.001763
      ],
      [
        22.62377,
        57.001763
      ],
      [
        22.62377,
        57.001763
      ],
      [
        22.62377,
        57.001763
      ],
      [
        22.62377,
        57.001763
      ],
      [
        22.62377,
        57.001763
      ],
      [
        22.623752,
        57.001745
      ],
      [
        22.623752,
        57.001745
      ],
      [
        22.623752,
        57.001745
      ],
      [
        22.623752,
        57.001745
      ],
      [
        22.623752,
        57.001745
      ],
      [
        22.623752,
        57.001745
      ],
      [
        22.623752,
        57.001745
      ],
      [
        22.623752,
        57.001745
      ],
      [
        22.623752,
        57.001745
      ],
      [
        22.623752,
        57.001745
      ],
      [
        22.623777,
        57.001731
      ],
      [
        22.623777,
        57.001731
      ],
      [
        22.623777,
        57.001731
      ],
      [
        22.623777,
        57.001731
      ],
      [
        22.623777,
        57.001731
      ],
      [
        22.623777,
        57.001731
      ],
      [
        22.623777,
        57.001731
      ],
      [
        22.623777,
        57.001731
      ],
      [
        22.623777,
        57.001731
      ],
      [
        22.623777,
        57.001731
      ],
      [
        22.623777,
        57.001731
      ],
      [
        22.623777,
        57.001731
      ],
      [
        22.623777,
        57.001731
      ],
      [
        22.623777,
        57.001731
      ],
      [
        22.623777,
        57.001731
      ],
      [
        22.623777,
        57.001731
      ],
      [
        22.623777,
        57.001731
      ],
      [
        22.623777,
        57.001731
      ],
      [
        22.623777,
        57.001731
      ],
      [
        22.623777,
        57.001731
      ],
      [
        22.623777,
        57.001731
      ],
      [
        22.623777,
        57.001731
      ],
      [
        22.623777,
        57.001731
      ],
      [
        22.623777,
        57.001731
      ],
      [
        22.623777,
        57.001731
      ],
      [
        22.623777,
        57.001731
      ],
      [
        22.623777,
        57.001731
      ],
      [
        22.623777,
        57.001731
      ],
      [
        22.623777,
        57.001731
      ],
      [
        22.623777,
        57.001731
      ],
      [
        22.623777,
        57.001731
      ],
      [
        22.623777,
        57.001731
      ],
      [
        22.623812,
        57.001732
      ],
      [
        22.623812,
        57.001732
      ],
      [
        22.623812,
        57.001732
      ],
      [
        22.623812,
        57.001732
      ],
      [
        22.623793,
        57.001747
      ],
      [
        22.623757,
        57.001735
      ],
      [
        22.623757,
        57.001735
      ],
      [
        22.623757,
        57.001735
      ],
      [
        22.623757,
        57.001735
      ],
      [
        22.623757,
        57.001735
      ],
      [
        22.623776,
        57.001719
      ],
      [
        22.623776,
        57.001719
      ],
      [
        22.62382,
        57.001734
      ],
      [
        22.62382,
        57.001734
      ],
      [
        22.62382,
        57.001734
      ],
      [
        22.62382,
        57.001734
      ],
      [
        22.62382,
        57.001734
      ],
      [
        22.62382,
        57.001734
      ],
      [
        22.62379,
        57.001724
      ],
      [
        22.62379,
        57.001724
      ],
      [
        22.623794,
        57.001722
      ]
    ]
  }
}