{
  "type": "Feature",
  "properties": {
    "id": "pir-ta-trome-a-d-rgumu-taka-turp-un-atpaka_yed5",
    "name": "Pirāta Tromeļa dārgumu taka (turp un atpakaļ)",
    "distanceMeters": 8666.764297261547,
    "elevationGainM": 187,
    "elevationsM": [
      4,
      4,
      4,
      4,
      4,
      4,
      4,
      4,
      4,
      4,
      4,
      0,
      2,
      2,
      1,
      0,
      0,
      0,
      -1,
      -1,
      -1,
      0,
      0,
      -1,
      -1,
      -1,
      -1,
      -1,
      0,
      0,
      -1,
      -1,
      -1,
      -2,
      -1,
      -1,
      -1,
      -1,
      -2,
      -2,
      -2,
      -2,
      -2,
      -3,
      -1,
      -1,
      -1,
      -1,
      -1,
      -1,
      -1,
      -1,
      -1,
      -1,
      -1,
      -1,
      -1,
      -1,
      -1,
      -1,
      -1,
      -1,
      -1,
      -1,
      -1,
      -1,
      -1,
      -1,
      -1,
      -1,
      -1,
      -1,
      -1,
      -1,
      -1,
      -1,
      -1,
      -1,
      -1,
      -1,
      -1,
      -1,
      -1,
      -1,
      -1,
      -1,
      -1,
      7,
      7,
      10,
      10,
      11,
      11,
      10,
      10,
      10,
      10,
      10,
      10,
      12,
      12,
      13,
      13,
      10,
      13,
      13,
      14,
      12,
      12,
      11,
      11,
      11,
      11,
      11,
      10,
      10,
      10,
      10,
      10,
      10,
      11,
      11,
      10,
      12,
      14,
      14,
      14,
      12,
      12,
      15,
      15,
      15,
      13,
      13,
      12,
      12,
      12,
      12,
      12,
      12,
      12,
      12,
      12,
      12,
      12,
      11,
      11,
      10,
      10,
      10,
      11,
      11,
      12,
      12,
      11,
      11,
      11,
      11,
      11,
      11,
      11,
      12,
      12,
      12,
      12,
      12,
      12,
      12,
      15,
      16,
      16,
      13,
      13,
      13,
      12,
      13,
      13,
      13,
      11,
      11,
      12,
      12,
      12,
      12,
      11,
      11,
      11,
      11,
      11,
      12,
      11,
      11,
      12,
      12,
      12,
      12,
      11,
      11,
      11,
      11,
      13,
      14,
      14,
      12,
      12,
      12,
      12,
      12,
      12,
      12,
      13,
      13,
      12,
      12,
      12,
      12,
      12,
      13,
      13,
      13,
      13,
      13,
      13,
      13,
      12,
      12,
      11,
      11,
      11,
      12,
      12,
      12,
      12,
      12,
      13,
      14,
      14,
      14,
      14,
      12,
      12,
      12,
      12,
      12,
      12,
      12,
      12,
      9,
      9,
      9,
      10,
      10,
      9,
      11,
      11,
      9,
      9,
      9,
      9,
      9,
      9,
      9,
      9,
      9,
      9,
      9,
      9,
      9,
      9,
      9,
      9,
      9,
      9,
      9,
      9,
      9,
      9,
      9,
      9,
      9,
      9,
      9,
      9,
      9,
      9,
      9,
      9,
      9,
      9,
      9,
      9,
      9,
      9,
      9,
      9,
      9,
      9,
      9,
      9,
      9,
      9,
      9,
      9,
      9,
      9,
      9,
      9,
      9,
      9,
      9,
      9,
      9,
      9,
      9,
      9,
      9,
      9,
      9,
      9,
      9,
      9,
      9,
      9,
      9,
      9,
      9,
      9,
      9,
      9,
      9,
      9,
      9,
      6,
      6,
      9,
      9,
      9,
      9,
      8,
      8,
      8,
      4,
      4,
      0,
      1,
      1,
      1,
      -1,
      -1,
      -1,
      -1,
      -1,
      -1,
      -2,
      -2,
      -3,
      -3,
      -2,
      -2,
      -3,
      -3,
      -5,
      -3,
      -3,
      -2,
      -2,
      -4,
      -4,
      -5,
      -5,
      -3,
      -3,
      -4,
      -4,
      -2,
      -2,
      -2,
      -2,
      -2,
      -1,
      -1,
      -2,
      -1,
      -1,
      -3,
      -3,
      -3,
      -3,
      -3,
      -3,
      -3,
      -3,
      -3,
      -2,
      -2,
      -2,
      -2,
      -2,
      -2,
      -2,
      -2,
      -2,
      -2,
      -2,
      -1,
      1,
      1,
      1,
      6,
      6,
      8,
      11,
      10,
      12,
      13,
      12,
      12,
      12,
      12,
      13,
      13,
      13,
      12,
      11,
      12,
      12,
      12,
      11,
      11,
      11,
      11,
      13,
      13,
      14,
      14,
      14,
      12,
      12,
      12,
      14,
      14,
      14,
      14,
      14,
      14,
      14,
      15,
      14,
      14,
      12,
      11,
      11,
      11,
      10,
      10,
      7,
      9,
      9,
      9,
      9,
      9,
      8,
      7,
      9,
      6,
      6,
      9,
      9,
      9,
      10,
      10,
      10,
      10,
      10,
      11,
      10,
      10,
      10,
      10,
      10,
      11,
      11,
      10,
      10,
      10,
      10,
      10,
      10,
      11,
      13,
      13,
      13,
      13,
      13,
      13,
      13,
      11,
      11,
      11,
      11,
      12,
      12,
      12,
      13,
      13,
      12,
      12,
      10,
      10,
      10,
      9,
      9,
      9,
      9,
      9,
      8,
      8,
      8,
      7,
      7,
      10,
      12,
      12,
      13,
      13,
      11,
      11,
      11,
      11,
      10,
      10,
      11,
      11,
      9,
      9,
      11,
      11,
      12,
      12,
      12,
      12,
      13,
      13,
      12,
      12,
      15,
      15,
      15,
      12,
      12,
      10,
      10,
      8,
      8,
      8,
      10,
      9,
      11,
      11,
      11,
      11,
      11,
      11,
      11,
      11,
      10,
      10,
      10,
      10,
      12,
      12,
      14,
      13,
      13,
      14,
      15,
      15,
      15,
      15,
      15,
      14,
      14,
      11,
      11,
      9,
      9,
      9,
      8,
      8,
      8,
      9,
      9,
      9,
      10,
      10,
      10,
      10,
      10,
      9,
      9,
      9,
      9,
      11,
      11,
      12,
      12,
      12,
      13,
      13,
      14,
      13,
      13,
      14,
      14,
      14,
      14,
      12,
      12,
      13,
      13,
      13,
      13,
      12,
      11,
      11,
      11,
      11,
      12,
      12,
      8,
      8,
      8,
      8,
      8,
      8,
      8,
      10,
      10,
      10,
      8,
      9,
      9,
      12,
      12,
      12,
      12,
      12,
      13,
      13,
      13,
      12,
      11,
      11,
      11,
      9,
      9,
      9,
      9,
      10,
      10,
      10,
      10,
      10,
      9,
      9,
      8,
      10,
      11,
      11,
      12,
      12,
      12,
      12,
      10,
      10,
      3,
      5,
      5,
      6,
      6,
      3,
      3,
      2,
      2,
      2,
      2,
      2,
      1,
      1,
      1,
      1,
      1,
      0,
      0,
      0,
      0,
      0,
      0,
      -1,
      -2,
      -2,
      -3,
      -1,
      -2,
      -2,
      -2,
      -2,
      0,
      1,
      -1,
      1,
      1,
      1,
      1,
      1,
      -1,
      -1,
      -1,
      1,
      2,
      2,
      1,
      1,
      -1,
      0,
      1,
      1,
      1,
      1,
      1,
      0,
      1,
      1,
      0,
      0,
      -1,
      0,
      0,
      0,
      -1,
      -1,
      -1,
      -1,
      -1,
      0,
      0,
      0,
      -1,
      -1,
      0,
      -1,
      -1,
      0,
      0,
      1,
      1,
      1,
      1,
      -1,
      -1,
      -1,
      0,
      1,
      1,
      -1,
      -1,
      -1,
      0,
      -1,
      0,
      0,
      0,
      0,
      0,
      -1,
      -1,
      0,
      1,
      2,
      2,
      -1,
      -1,
      -1,
      -1,
      0,
      1,
      1,
      0,
      0,
      0,
      0,
      0,
      0,
      0,
      -1,
      -1,
      -1,
      -1,
      -1,
      -1,
      -1,
      -1,
      -1,
      -1,
      -1,
      -1,
      -1,
      -1,
      -1,
      -1,
      -1,
      -1,
      -1,
      -1,
      -1,
      -1,
      -1,
      -1,
      -1,
      -1,
      -1,
      -1,
      -1,
      -1,
      -1,
      -1,
      -1,
      -1,
      -1,
      -1,
      -1,
      -1,
      -1,
      -1,
      -1,
      -1,
      -1,
      -1,
      -1,
      -1,
      -1,
      -1,
      -1,
      -1,
      -1,
      -1,
      -1,
      -1,
      -1,
      -1,
      -1,
      -1,
      -1,
      -1,
      -1,
      -1,
      -1,
      -1,
      -1,
      -1,
      -1,
      -1,
      -1,
      -1,
      -1,
      -1,
      -1,
      -1,
      -1,
      -1,
      -1,
      -1,
      -1,
      -1,
      -1,
      -1,
      -1,
      -1,
      -1,
      -1,
      -1,
      -1,
      -1,
      -1,
      -1,
      -1,
      -1,
      -1,
      -1,
      -1,
      -1,
      -1,
      -1,
      -1,
      -1,
      -1,
      -1,
      -1,
      -1,
      -1,
      -1,
      -1,
      -1,
      -1,
      -1,
      -1,
      -1,
      -1,
      -1,
      -1,
      -1,
      -1,
      -1,
      -1,
      -1,
      -1,
      -1,
      -1,
      -1,
      -1,
      -1,
      -1,
      -1,
      -1,
      -1,
      -1,
      -1,
      -1,
      -1,
      -1,
      -1,
      -1,
      -1,
      -1,
      -1,
      -1,
      -1,
      -1,
      -1,
      -1,
      -1,
      -1,
      -1,
      -1,
      -1,
      -1,
      -1,
      -1,
      -1,
      -1,
      -1,
      -1,
      -1,
      -1,
      -1,
      -1,
      -1,
      -1,
      -1,
      -1,
      -1,
      -1,
      -1,
      -1,
      -1,
      -1,
      -1,
      -1,
      -1,
      -1,
      -1,
      -1,
      -1,
      -1,
      -1,
      -1,
      -1,
      -1,
      -1,
      -1,
      -1,
      -1,
      -1,
      -1,
      -1,
      -1,
      -1,
      -1,
      -1,
      -1,
      -1,
      -1,
      -1,
      -1,
      -1,
      -1,
      -1,
      -1,
      -1,
      -1,
      -1,
      -1,
      -1,
      -1,
      -1,
      -1,
      -1,
      -1,
      -1,
      -1,
      -1,
      -1,
      -1,
      -1,
      -1,
      -1,
      -1,
      -1,
      -1,
      -1,
      -1,
      -1,
      -1,
      -1,
      -1,
      -1,
      -1,
      -1,
      -1,
      -1,
      -1,
      -1,
      -1,
      -1,
      -1,
      -1,
      -1,
      -1,
      -1,
      -1,
      -1,
      -1,
      -1,
      -1,
      -1,
      -1,
      -1,
      -1,
      -1,
      -1,
      -1,
      -1,
      -1,
      -1,
      -1,
      -1,
      -1,
      -1,
      -1,
      -1,
      -1,
      -1,
      -1,
      -1,
      -1,
      -1,
      -1,
      -1,
      -1,
      -1,
      -1,
      -1,
      -1,
      -1,
      -1,
      -2,
      -2,
      -2,
      -2,
      -2,
      -2,
      -2,
      -2,
      -2,
      -2,
      -2,
      -2,
      -2,
      -2,
      -2,
      -2,
      -2,
      -2,
      -2,
      -2,
      -2,
      -2,
      -2,
      -2,
      -2,
      -2,
      -2,
      -2,
      -2,
      -2,
      -2,
      -2,
      -2,
      -2,
      -2,
      -2,
      -2,
      -2,
      -2,
      -2,
      -2,
      -2,
      -2,
      -2,
      -2,
      -2,
      -2,
      -2,
      -2,
      -2,
      -2,
      -2,
      -2,
      -2,
      -2,
      -2,
      -2,
      -2,
      -2,
      -2,
      -2,
      -2,
      -2,
      -2,
      -2,
      -2,
      -2,
      -2,
      -2,
      -2,
      -2,
      -2,
      -2,
      -2,
      -2,
      -2,
      -2,
      -2,
      -2,
      -2,
      -2,
      -2,
      -2,
      -2,
      -2,
      -2,
      -2,
      -2,
      -2,
      -2,
      -2,
      -2,
      -2,
      -2,
      -2,
      -2,
      -2,
      -2,
      -2,
      -2,
      -2,
      -2,
      -2,
      -2,
      -2,
      -2,
      -2,
      -2,
      -2,
      -2,
      -2,
      -2,
      -2,
      -2,
      -2,
      -2,
      -2,
      -2,
      -2,
      -2,
      -2,
      -2,
      -2,
      -2,
      -2,
      -2,
      -2,
      -2,
      -2,
      -2,
      -2,
      -2,
      -2,
      -2,
      -2,
      -2,
      -2,
      -2,
      -2,
      -2,
      -2,
      -2,
      -2,
      -2,
      -2,
      -2,
      -2,
      -2,
      -2,
      -2,
      -2,
      -2,
      -2,
      -2,
      -2,
      -2,
      -2,
      -2,
      -2,
      -2,
      -2,
      -2,
      -2,
      -2,
      -2,
      -2,
      -2,
      -2,
      -2,
      -2,
      -2,
      -2,
      -2,
      -2,
      -2,
      -2,
      -2,
      -2,
      -2,
      -2,
      -2,
      -2,
      -2,
      -2,
      -2,
      -2,
      -2,
      -2,
      -2,
      -2,
      -2,
      -2,
      -2,
      -2,
      -2,
      -2,
      -2,
      -2,
      -2,
      -2,
      -2,
      -2,
      -2,
      -2,
      -2,
      -2,
      -2,
      -2,
      -2,
      -2,
      -2,
      -2,
      -2,
      -2,
      -2,
      -2,
      -2,
      -2,
      -2,
      -2,
      -2,
      -2,
      -2,
      -2,
      -2,
      -2,
      -2,
      -2,
      -2,
      -2,
      -2,
      -2,
      -2,
      -2,
      -2,
      -2,
      -3,
      -3,
      -3,
      -3,
      -3,
      -3,
      -3,
      -3,
      -3,
      -3,
      -3,
      -3,
      -3,
      -3,
      -3,
      -3,
      -3,
      -3,
      -3,
      -3,
      -3,
      -4,
      -4,
      -4,
      -4,
      -4,
      -4,
      -4,
      -4,
      -4,
      -4,
      -4,
      -4,
      -4,
      -4,
      -4,
      -4,
      -4,
      -4,
      -4,
      -4,
      -4,
      -4,
      -4,
      -4,
      -4,
      -4,
      -4,
      -4,
      -4,
      -4,
      -4,
      -4,
      -4,
      -4,
      -4,
      -4,
      -4,
      -4,
      -4,
      -4,
      -4,
      -4,
      -4,
      -4,
      -4,
      -4,
      -4,
      -4,
      -4,
      -4,
      -4,
      -4,
      -4,
      -4,
      -4,
      -4,
      -4,
      -4,
      -4,
      -4,
      -4,
      -4,
      -4,
      -4,
      -4,
      -4,
      -4,
      -4,
      -4,
      -4,
      -4,
      -5,
      -5,
      -5,
      -5,
      -5,
      -5,
      -5,
      -5,
      -5,
      -5,
      -5,
      -5,
      -5,
      -5,
      -5,
      -5,
      -5,
      -5,
      -5,
      -5,
      -5,
      -5,
      -5,
      -5,
      -5,
      -5,
      -5,
      -5,
      -5,
      -5,
      -5,
      -5,
      -5,
      -5,
      -5,
      -5,
      -5,
      -5,
      -5,
      -5,
      -5,
      -5,
      -5,
      -5,
      -5,
      -5,
      -5,
      -5,
      -5,
      -5,
      -5,
      -5,
      -5,
      -5,
      -5,
      -5,
      -5,
      -5,
      -5,
      -5,
      -5,
      -5,
      -5,
      -5,
      -5,
      -5,
      -5,
      -5,
      -5,
      -5,
      -5,
      -5,
      -5,
      -5,
      -5,
      -5,
      -5,
      -5,
      -5,
      -5,
      -5,
      -5,
      -5,
      -5,
      -5,
      -5,
      -5,
      -5,
      -5,
      -5,
      -5,
      -5,
      -5,
      -5,
      -5,
      -5,
      -5,
      -5,
      -5,
      -5,
      -5,
      -5,
      -5,
      -5,
      -5,
      -5,
      -5,
      -5,
      -5,
      -5,
      -5,
      -5,
      -5,
      -5,
      -5,
      -5,
      -5,
      -5,
      -5,
      -5,
      -5,
      -5,
      -5,
      -5,
      -5,
      -5,
      -5,
      -5,
      -5,
      -5,
      -5,
      -5,
      -5,
      -5,
      -5,
      -5,
      -5,
      -5,
      -5,
      -5,
      -5,
      -5,
      -5,
      -5,
      -5,
      -5,
      -5,
      -5,
      -5,
      -5,
      -5,
      -5,
      -5,
      -5,
      -5,
      -5,
      -5,
      -5,
      -5,
      -5,
      -5,
      -5,
      -5,
      -5,
      -5,
      -5,
      -5,
      -5,
      -5,
      -5,
      -5,
      -5,
      -5,
      -5,
      -5,
      -5,
      -5,
      -5,
      -5,
      -5,
      -5,
      -5,
      -5,
      -5,
      -5,
      -5,
      -5,
      -5,
      -5,
      -5,
      -5,
      -5,
      -5,
      -5,
      -5,
      -5,
      -5,
      -5,
      -5,
      -5,
      -5,
      -5,
      -5,
      -5,
      -4,
      -4,
      -4,
      -4,
      -4,
      -4,
      -4,
      -4,
      -4,
      -4,
      -4,
      -4,
      -4,
      -4,
      -4,
      -4,
      -4,
      -4,
      -4,
      -4,
      -4,
      -4,
      -4,
      -4,
      -4,
      -4,
      -4,
      -4,
      -4,
      -4,
      -4,
      -4,
      -4,
      -4,
      -4,
      -4,
      -4,
      -4,
      -4,
      -4,
      -4,
      -4,
      -4,
      -4,
      -4,
      -4,
      -4,
      -4,
      -4,
      -4,
      -4,
      -4,
      -4,
      -4,
      -4,
      -4,
      -4,
      -4,
      -4,
      -4,
      -4,
      -4,
      -4,
      -4,
      -4,
      -4,
      -4,
      -4,
      -4,
      -4,
      -4,
      -4,
      -4,
      -4,
      -4,
      -4,
      -4,
      -4,
      -4,
      -4,
      -4,
      -4,
      -4,
      -4,
      -4,
      -4,
      -4,
      -4,
      -4,
      -4,
      -4,
      -4,
      -4,
      -4,
      -4,
      -4,
      -4,
      -4,
      -4,
      -4,
      -4,
      -4,
      -4,
      -4,
      -4,
      -4,
      -4,
      -4,
      -4,
      -4,
      -4,
      -4,
      -4,
      -4,
      -4,
      -4,
      -4,
      -4,
      -4,
      -4,
      -4,
      -4,
      -4,
      -4,
      -4,
      -4,
      -4,
      -4,
      -4,
      -4,
      -4,
      -4,
      -4,
      -4,
      -4,
      -4,
      -4,
      -4,
      -4,
      -4,
      -4,
      -4,
      -4,
      -4,
      -4,
      -4,
      -4,
      -4,
      -4,
      -4,
      -4,
      -4,
      -4,
      -4,
      -4,
      -4,
      -4,
      -4,
      -4,
      -4,
      -4,
      -4,
      -4,
      -4,
      -4,
      -4,
      -4,
      -4,
      -4,
      -4,
      -4,
      -4,
      -4,
      -4,
      -4,
      -4,
      -4,
      -4,
      -4,
      -4,
      -4
    ]
  },
  "geometry": {
    "type": "LineString",
    "coordinates": [
      [
        22.581508,
        57.650682
      ],
      [
        22.581523,
        57.650721
      ],
      [
        22.581605,
        57.650809
      ],
      [
        22.581673,
        57.650898
      ],
      [
        22.581673,
        57.650898
      ],
      [
        22.581809,
        57.650992
      ],
      [
        22.581868,
        57.651005
      ],
      [
        22.581928,
        57.651017
      ],
      [
        22.581988,
        57.65103
      ],
      [
        22.582048,
        57.651042
      ],
      [
        22.582107,
        57.651055
      ],
      [
        22.582167,
        57.651067
      ],
      [
        22.582207,
        57.65106
      ],
      [
        22.582247,
        57.651054
      ],
      [
        22.582287,
        57.651047
      ],
      [
        22.582328,
        57.651041
      ],
      [
        22.582368,
        57.651034
      ],
      [
        22.582408,
        57.651028
      ],
      [
        22.582448,
        57.651021
      ],
      [
        22.582488,
        57.651015
      ],
      [
        22.582528,
        57.651008
      ],
      [
        22.582568,
        57.651002
      ],
      [
        22.582608,
        57.650995
      ],
      [
        22.582649,
        57.650989
      ],
      [
        22.582689,
        57.650982
      ],
      [
        22.582729,
        57.650976
      ],
      [
        22.582769,
        57.650969
      ],
      [
        22.582769,
        57.650969
      ],
      [
        22.582769,
        57.650969
      ],
      [
        22.582769,
        57.650969
      ],
      [
        22.582769,
        57.650969
      ],
      [
        22.582769,
        57.650969
      ],
      [
        22.582593,
        57.65099
      ],
      [
        22.582593,
        57.65099
      ],
      [
        22.582593,
        57.65099
      ],
      [
        22.582457,
        57.650929
      ],
      [
        22.582457,
        57.650929
      ],
      [
        22.582284,
        57.650999
      ],
      [
        22.58225,
        57.651089
      ],
      [
        22.582192,
        57.651179
      ],
      [
        22.582192,
        57.651179
      ],
      [
        22.582122,
        57.651297
      ],
      [
        22.582096,
        57.651325
      ],
      [
        22.582071,
        57.651354
      ],
      [
        22.582071,
        57.651354
      ],
      [
        22.582071,
        57.651354
      ],
      [
        22.582071,
        57.651354
      ],
      [
        22.58212,
        57.651452
      ],
      [
        22.58212,
        57.651452
      ],
      [
        22.582093,
        57.651549
      ],
      [
        22.582093,
        57.651549
      ],
      [
        22.582048,
        57.651639
      ],
      [
        22.582048,
        57.651639
      ],
      [
        22.581992,
        57.651732
      ],
      [
        22.581992,
        57.651732
      ],
      [
        22.581971,
        57.65178
      ],
      [
        22.58195,
        57.651827
      ],
      [
        22.581929,
        57.651875
      ],
      [
        22.581908,
        57.651922
      ],
      [
        22.581857,
        57.652006
      ],
      [
        22.581857,
        57.652006
      ],
      [
        22.581802,
        57.652092
      ],
      [
        22.581802,
        57.652092
      ],
      [
        22.581795,
        57.652183
      ],
      [
        22.581795,
        57.652183
      ],
      [
        22.581755,
        57.652273
      ],
      [
        22.581692,
        57.652364
      ],
      [
        22.581692,
        57.652364
      ],
      [
        22.581612,
        57.65246
      ],
      [
        22.581612,
        57.65246
      ],
      [
        22.581545,
        57.652545
      ],
      [
        22.581476,
        57.652632
      ],
      [
        22.581476,
        57.652632
      ],
      [
        22.581326,
        57.652745
      ],
      [
        22.581289,
        57.652777
      ],
      [
        22.581251,
        57.65281
      ],
      [
        22.581158,
        57.652869
      ],
      [
        22.581158,
        57.652869
      ],
      [
        22.580993,
        57.652919
      ],
      [
        22.580816,
        57.652917
      ],
      [
        22.580627,
        57.652925
      ],
      [
        22.580627,
        57.652925
      ],
      [
        22.580452,
        57.652923
      ],
      [
        22.580452,
        57.652923
      ],
      [
        22.580308,
        57.652972
      ],
      [
        22.580308,
        57.652972
      ],
      [
        22.580183,
        57.65304
      ],
      [
        22.580183,
        57.65304
      ],
      [
        22.580059,
        57.653114
      ],
      [
        22.580059,
        57.653114
      ],
      [
        22.579943,
        57.65319
      ],
      [
        22.579943,
        57.65319
      ],
      [
        22.579938,
        57.653293
      ],
      [
        22.579894,
        57.65339
      ],
      [
        22.579785,
        57.653462
      ],
      [
        22.579785,
        57.653462
      ],
      [
        22.5797,
        57.653552
      ],
      [
        22.5797,
        57.653552
      ],
      [
        22.57961,
        57.653641
      ],
      [
        22.57961,
        57.653641
      ],
      [
        22.579506,
        57.653719
      ],
      [
        22.579587,
        57.653809
      ],
      [
        22.579612,
        57.653917
      ],
      [
        22.579612,
        57.653917
      ],
      [
        22.579612,
        57.653917
      ],
      [
        22.579661,
        57.654004
      ],
      [
        22.579661,
        57.654004
      ],
      [
        22.579615,
        57.65411
      ],
      [
        22.57957,
        57.654203
      ],
      [
        22.57957,
        57.654203
      ],
      [
        22.579501,
        57.654324
      ],
      [
        22.579495,
        57.654358
      ],
      [
        22.57949,
        57.654393
      ],
      [
        22.579438,
        57.654474
      ],
      [
        22.579438,
        57.654474
      ],
      [
        22.579393,
        57.654561
      ],
      [
        22.579393,
        57.654561
      ],
      [
        22.57938,
        57.654661
      ],
      [
        22.579344,
        57.654762
      ],
      [
        22.579304,
        57.654852
      ],
      [
        22.579304,
        57.654852
      ],
      [
        22.579261,
        57.654941
      ],
      [
        22.579264,
        57.655036
      ],
      [
        22.579233,
        57.655069
      ],
      [
        22.579202,
        57.655102
      ],
      [
        22.579172,
        57.655135
      ],
      [
        22.579141,
        57.655168
      ],
      [
        22.57911,
        57.655201
      ],
      [
        22.579021,
        57.655287
      ],
      [
        22.579021,
        57.655287
      ],
      [
        22.57896,
        57.655407
      ],
      [
        22.578961,
        57.65544
      ],
      [
        22.578962,
        57.655472
      ],
      [
        22.57905,
        57.655561
      ],
      [
        22.57905,
        57.655561
      ],
      [
        22.579026,
        57.655665
      ],
      [
        22.579026,
        57.655665
      ],
      [
        22.578975,
        57.655773
      ],
      [
        22.578975,
        57.655773
      ],
      [
        22.578945,
        57.655902
      ],
      [
        22.578914,
        57.655938
      ],
      [
        22.578882,
        57.655973
      ],
      [
        22.578822,
        57.65606
      ],
      [
        22.578822,
        57.65606
      ],
      [
        22.578789,
        57.656196
      ],
      [
        22.578781,
        57.656243
      ],
      [
        22.578774,
        57.65629
      ],
      [
        22.578766,
        57.656338
      ],
      [
        22.578759,
        57.656385
      ],
      [
        22.578751,
        57.656432
      ],
      [
        22.578744,
        57.656479
      ],
      [
        22.578653,
        57.656567
      ],
      [
        22.578653,
        57.656567
      ],
      [
        22.578626,
        57.656659
      ],
      [
        22.578626,
        57.656659
      ],
      [
        22.578625,
        57.65676
      ],
      [
        22.578606,
        57.656857
      ],
      [
        22.578606,
        57.656857
      ],
      [
        22.578552,
        57.656949
      ],
      [
        22.578552,
        57.656949
      ],
      [
        22.578386,
        57.657037
      ],
      [
        22.578371,
        57.657073
      ],
      [
        22.578356,
        57.65711
      ],
      [
        22.578341,
        57.657146
      ],
      [
        22.578326,
        57.657182
      ],
      [
        22.578267,
        57.657277
      ],
      [
        22.578267,
        57.657277
      ],
      [
        22.57827,
        57.657371
      ],
      [
        22.57827,
        57.657371
      ],
      [
        22.578255,
        57.657417
      ],
      [
        22.578239,
        57.657462
      ],
      [
        22.578224,
        57.657508
      ],
      [
        22.578208,
        57.657553
      ],
      [
        22.578193,
        57.657599
      ],
      [
        22.578177,
        57.657644
      ],
      [
        22.578177,
        57.657644
      ],
      [
        22.578177,
        57.657644
      ],
      [
        22.578109,
        57.657732
      ],
      [
        22.578109,
        57.657732
      ],
      [
        22.5781,
        57.65783
      ],
      [
        22.5781,
        57.65783
      ],
      [
        22.578163,
        57.65792
      ],
      [
        22.578172,
        57.658027
      ],
      [
        22.578148,
        57.658127
      ],
      [
        22.578148,
        57.658127
      ],
      [
        22.578046,
        57.65824
      ],
      [
        22.57804,
        57.658279
      ],
      [
        22.578034,
        57.658318
      ],
      [
        22.578028,
        57.658357
      ],
      [
        22.578022,
        57.658396
      ],
      [
        22.578015,
        57.658426
      ],
      [
        22.578007,
        57.658457
      ],
      [
        22.578,
        57.658487
      ],
      [
        22.577981,
        57.658534
      ],
      [
        22.577961,
        57.658581
      ],
      [
        22.577942,
        57.658627
      ],
      [
        22.577922,
        57.658674
      ],
      [
        22.577853,
        57.658765
      ],
      [
        22.577853,
        57.658765
      ],
      [
        22.577807,
        57.658869
      ],
      [
        22.577807,
        57.658869
      ],
      [
        22.577807,
        57.658869
      ],
      [
        22.577786,
        57.658961
      ],
      [
        22.577786,
        57.658961
      ],
      [
        22.577739,
        57.659093
      ],
      [
        22.577729,
        57.659138
      ],
      [
        22.577718,
        57.659182
      ],
      [
        22.577708,
        57.659227
      ],
      [
        22.577698,
        57.659271
      ],
      [
        22.577684,
        57.659371
      ],
      [
        22.577684,
        57.659371
      ],
      [
        22.577607,
        57.659468
      ],
      [
        22.577607,
        57.659468
      ],
      [
        22.577607,
        57.659562
      ],
      [
        22.577607,
        57.659562
      ],
      [
        22.577532,
        57.659659
      ],
      [
        22.577472,
        57.659748
      ],
      [
        22.577472,
        57.659748
      ],
      [
        22.577387,
        57.659839
      ],
      [
        22.577387,
        57.659839
      ],
      [
        22.577334,
        57.65997
      ],
      [
        22.577347,
        57.660014
      ],
      [
        22.577361,
        57.660059
      ],
      [
        22.577375,
        57.660103
      ],
      [
        22.577388,
        57.660147
      ],
      [
        22.577375,
        57.660222
      ],
      [
        22.577375,
        57.660222
      ],
      [
        22.577295,
        57.660349
      ],
      [
        22.577277,
        57.66038
      ],
      [
        22.57726,
        57.660412
      ],
      [
        22.577258,
        57.660545
      ],
      [
        22.577241,
        57.660581
      ],
      [
        22.577224,
        57.660617
      ],
      [
        22.577208,
        57.660654
      ],
      [
        22.577191,
        57.66069
      ],
      [
        22.577174,
        57.660726
      ],
      [
        22.577157,
        57.660762
      ],
      [
        22.57714,
        57.660798
      ],
      [
        22.57711,
        57.660887
      ],
      [
        22.57711,
        57.660887
      ],
      [
        22.577062,
        57.660982
      ],
      [
        22.577062,
        57.660982
      ],
      [
        22.577047,
        57.661081
      ],
      [
        22.576982,
        57.661199
      ],
      [
        22.576961,
        57.66129
      ],
      [
        22.576961,
        57.66129
      ],
      [
        22.576914,
        57.661393
      ],
      [
        22.576914,
        57.661393
      ],
      [
        22.576876,
        57.661516
      ],
      [
        22.576869,
        57.661549
      ],
      [
        22.576861,
        57.661583
      ],
      [
        22.576886,
        57.661664
      ],
      [
        22.576886,
        57.661664
      ],
      [
        22.576886,
        57.661664
      ],
      [
        22.576956,
        57.661752
      ],
      [
        22.576956,
        57.661752
      ],
      [
        22.57699,
        57.661849
      ],
      [
        22.57699,
        57.661849
      ],
      [
        22.576989,
        57.661942
      ],
      [
        22.576989,
        57.661942
      ],
      [
        22.576968,
        57.662038
      ],
      [
        22.576968,
        57.662038
      ],
      [
        22.576968,
        57.662038
      ],
      [
        22.57693,
        57.662127
      ],
      [
        22.57693,
        57.662127
      ],
      [
        22.57693,
        57.662127
      ],
      [
        22.576877,
        57.662236
      ],
      [
        22.576877,
        57.662236
      ],
      [
        22.576833,
        57.66238
      ],
      [
        22.576816,
        57.662428
      ],
      [
        22.5768,
        57.662475
      ],
      [
        22.576783,
        57.662522
      ],
      [
        22.576767,
        57.662569
      ],
      [
        22.57675,
        57.662617
      ],
      [
        22.576734,
        57.662664
      ],
      [
        22.576734,
        57.662664
      ],
      [
        22.576734,
        57.662664
      ],
      [
        22.57665,
        57.662752
      ],
      [
        22.57665,
        57.662752
      ],
      [
        22.576597,
        57.662843
      ],
      [
        22.576597,
        57.662843
      ],
      [
        22.576538,
        57.662929
      ],
      [
        22.576524,
        57.66302
      ],
      [
        22.576482,
        57.663143
      ],
      [
        22.576479,
        57.663153
      ],
      [
        22.576428,
        57.663279
      ],
      [
        22.576401,
        57.663325
      ],
      [
        22.576373,
        57.66337
      ],
      [
        22.576346,
        57.663416
      ],
      [
        22.576322,
        57.663519
      ],
      [
        22.576322,
        57.663519
      ],
      [
        22.576279,
        57.663663
      ],
      [
        22.576266,
        57.663709
      ],
      [
        22.576254,
        57.663756
      ],
      [
        22.576242,
        57.663802
      ],
      [
        22.57623,
        57.663849
      ],
      [
        22.576217,
        57.663895
      ],
      [
        22.576205,
        57.663942
      ],
      [
        22.576175,
        57.664037
      ],
      [
        22.576175,
        57.664037
      ],
      [
        22.576145,
        57.664144
      ],
      [
        22.576145,
        57.664144
      ],
      [
        22.576113,
        57.664283
      ],
      [
        22.57613,
        57.66432
      ],
      [
        22.576146,
        57.664358
      ],
      [
        22.576163,
        57.664395
      ],
      [
        22.57618,
        57.664433
      ],
      [
        22.576197,
        57.66447
      ],
      [
        22.576213,
        57.664508
      ],
      [
        22.57623,
        57.664545
      ],
      [
        22.576247,
        57.664583
      ],
      [
        22.576245,
        57.664614
      ],
      [
        22.576244,
        57.664645
      ],
      [
        22.576242,
        57.664676
      ],
      [
        22.576208,
        57.664782
      ],
      [
        22.576208,
        57.664782
      ],
      [
        22.576144,
        57.664874
      ],
      [
        22.576144,
        57.664874
      ],
      [
        22.576152,
        57.664975
      ],
      [
        22.576145,
        57.665077
      ],
      [
        22.576145,
        57.665077
      ],
      [
        22.576089,
        57.665187
      ],
      [
        22.576089,
        57.665187
      ],
      [
        22.576016,
        57.665271
      ],
      [
        22.576016,
        57.665271
      ],
      [
        22.576009,
        57.665425
      ],
      [
        22.576006,
        57.665475
      ],
      [
        22.576004,
        57.665526
      ],
      [
        22.576002,
        57.665577
      ],
      [
        22.575999,
        57.665627
      ],
      [
        22.575997,
        57.665678
      ],
      [
        22.575955,
        57.665812
      ],
      [
        22.575955,
        57.66585
      ],
      [
        22.575955,
        57.665889
      ],
      [
        22.575955,
        57.665927
      ],
      [
        22.575955,
        57.665966
      ],
      [
        22.575954,
        57.666004
      ],
      [
        22.575954,
        57.666043
      ],
      [
        22.575954,
        57.666081
      ],
      [
        22.575954,
        57.66612
      ],
      [
        22.575954,
        57.666158
      ],
      [
        22.575954,
        57.666197
      ],
      [
        22.575906,
        57.666265
      ],
      [
        22.575906,
        57.666265
      ],
      [
        22.575906,
        57.666265
      ],
      [
        22.575906,
        57.666265
      ],
      [
        22.576014,
        57.666341
      ],
      [
        22.576014,
        57.666341
      ],
      [
        22.576014,
        57.666341
      ],
      [
        22.576162,
        57.666408
      ],
      [
        22.576301,
        57.666468
      ],
      [
        22.576301,
        57.666468
      ],
      [
        22.57646,
        57.666498
      ],
      [
        22.57646,
        57.666498
      ],
      [
        22.57649,
        57.666517
      ],
      [
        22.576521,
        57.666536
      ],
      [
        22.576551,
        57.666556
      ],
      [
        22.576582,
        57.666575
      ],
      [
        22.576612,
        57.666594
      ],
      [
        22.576643,
        57.666613
      ],
      [
        22.576603,
        57.66671
      ],
      [
        22.576603,
        57.66671
      ],
      [
        22.576603,
        57.66671
      ],
      [
        22.576607,
        57.666805
      ],
      [
        22.576607,
        57.666805
      ],
      [
        22.576615,
        57.666906
      ],
      [
        22.576615,
        57.666906
      ],
      [
        22.576572,
        57.666994
      ],
      [
        22.576572,
        57.666994
      ],
      [
        22.576497,
        57.667091
      ],
      [
        22.576359,
        57.667152
      ],
      [
        22.576313,
        57.667243
      ],
      [
        22.576313,
        57.667243
      ],
      [
        22.576253,
        57.667334
      ],
      [
        22.576253,
        57.667334
      ],
      [
        22.576136,
        57.667403
      ],
      [
        22.576136,
        57.667403
      ],
      [
        22.576071,
        57.667487
      ],
      [
        22.576071,
        57.667487
      ],
      [
        22.576071,
        57.667487
      ],
      [
        22.576026,
        57.667581
      ],
      [
        22.576026,
        57.667581
      ],
      [
        22.576026,
        57.667581
      ],
      [
        22.576011,
        57.66767
      ],
      [
        22.576011,
        57.66767
      ],
      [
        22.576011,
        57.66767
      ],
      [
        22.576087,
        57.667754
      ],
      [
        22.576087,
        57.667754
      ],
      [
        22.576087,
        57.667754
      ],
      [
        22.576251,
        57.667793
      ],
      [
        22.576251,
        57.667793
      ],
      [
        22.576251,
        57.667793
      ],
      [
        22.576251,
        57.667793
      ],
      [
        22.576122,
        57.667735
      ],
      [
        22.576044,
        57.667642
      ],
      [
        22.576044,
        57.667642
      ],
      [
        22.575963,
        57.667549
      ],
      [
        22.575963,
        57.667549
      ],
      [
        22.575963,
        57.667549
      ],
      [
        22.575963,
        57.667549
      ],
      [
        22.575963,
        57.667549
      ],
      [
        22.575848,
        57.667626
      ],
      [
        22.575848,
        57.667626
      ],
      [
        22.57568,
        57.667621
      ],
      [
        22.57568,
        57.667621
      ],
      [
        22.57568,
        57.667621
      ],
      [
        22.57568,
        57.667621
      ],
      [
        22.575709,
        57.66771
      ],
      [
        22.575709,
        57.66771
      ],
      [
        22.575582,
        57.667772
      ],
      [
        22.575582,
        57.667772
      ],
      [
        22.575582,
        57.667772
      ],
      [
        22.575582,
        57.667772
      ],
      [
        22.575582,
        57.667772
      ],
      [
        22.575582,
        57.667772
      ],
      [
        22.575582,
        57.667772
      ],
      [
        22.575405,
        57.667798
      ],
      [
        22.575405,
        57.667798
      ],
      [
        22.575312,
        57.667893
      ],
      [
        22.575312,
        57.667893
      ],
      [
        22.575276,
        57.668017
      ],
      [
        22.57526,
        57.668049
      ],
      [
        22.575245,
        57.66808
      ],
      [
        22.575245,
        57.66808
      ],
      [
        22.575245,
        57.66808
      ],
      [
        22.575158,
        57.668165
      ],
      [
        22.575094,
        57.66825
      ],
      [
        22.575094,
        57.66825
      ],
      [
        22.575041,
        57.668342
      ],
      [
        22.575041,
        57.668342
      ],
      [
        22.575033,
        57.668433
      ],
      [
        22.575033,
        57.668433
      ],
      [
        22.575085,
        57.668524
      ],
      [
        22.575085,
        57.668524
      ],
      [
        22.575085,
        57.668524
      ],
      [
        22.575033,
        57.668615
      ],
      [
        22.575033,
        57.668615
      ],
      [
        22.575065,
        57.668739
      ],
      [
        22.575069,
        57.668772
      ],
      [
        22.575074,
        57.668804
      ],
      [
        22.575102,
        57.668896
      ],
      [
        22.575102,
        57.668896
      ],
      [
        22.575102,
        57.668896
      ],
      [
        22.575102,
        57.668896
      ],
      [
        22.575102,
        57.66899
      ],
      [
        22.575102,
        57.66899
      ],
      [
        22.575102,
        57.66899
      ],
      [
        22.575102,
        57.66899
      ],
      [
        22.575219,
        57.669091
      ],
      [
        22.575219,
        57.669091
      ],
      [
        22.575219,
        57.669091
      ],
      [
        22.575307,
        57.669171
      ],
      [
        22.575307,
        57.669171
      ],
      [
        22.575307,
        57.669171
      ],
      [
        22.575232,
        57.669263
      ],
      [
        22.575232,
        57.669263
      ],
      [
        22.575225,
        57.669315
      ],
      [
        22.575217,
        57.669366
      ],
      [
        22.57521,
        57.669418
      ],
      [
        22.575202,
        57.669469
      ],
      [
        22.575195,
        57.669521
      ],
      [
        22.575188,
        57.669573
      ],
      [
        22.57518,
        57.669624
      ],
      [
        22.575173,
        57.669676
      ],
      [
        22.575166,
        57.669728
      ],
      [
        22.575158,
        57.669779
      ],
      [
        22.575151,
        57.669831
      ],
      [
        22.575143,
        57.669882
      ],
      [
        22.575136,
        57.669934
      ],
      [
        22.575136,
        57.669934
      ],
      [
        22.575136,
        57.669934
      ],
      [
        22.575085,
        57.67003
      ],
      [
        22.575085,
        57.67003
      ],
      [
        22.575054,
        57.670154
      ],
      [
        22.575045,
        57.670183
      ],
      [
        22.575037,
        57.670212
      ],
      [
        22.575028,
        57.670241
      ],
      [
        22.57502,
        57.67027
      ],
      [
        22.575011,
        57.670299
      ],
      [
        22.575003,
        57.670328
      ],
      [
        22.574994,
        57.670357
      ],
      [
        22.574986,
        57.670386
      ],
      [
        22.574977,
        57.670415
      ],
      [
        22.574969,
        57.670444
      ],
      [
        22.57496,
        57.670473
      ],
      [
        22.574952,
        57.670502
      ],
      [
        22.574904,
        57.670594
      ],
      [
        22.574904,
        57.670594
      ],
      [
        22.574856,
        57.670629
      ],
      [
        22.574807,
        57.670664
      ],
      [
        22.574759,
        57.670698
      ],
      [
        22.574711,
        57.670733
      ],
      [
        22.574663,
        57.670768
      ],
      [
        22.574614,
        57.670803
      ],
      [
        22.574566,
        57.670837
      ],
      [
        22.574518,
        57.670872
      ],
      [
        22.574469,
        57.670907
      ],
      [
        22.574351,
        57.670943
      ],
      [
        22.574351,
        57.670943
      ],
      [
        22.574205,
        57.67101
      ],
      [
        22.574205,
        57.67101
      ],
      [
        22.574129,
        57.671096
      ],
      [
        22.574091,
        57.671198
      ],
      [
        22.574091,
        57.671198
      ],
      [
        22.574234,
        57.671262
      ],
      [
        22.574234,
        57.671262
      ],
      [
        22.574326,
        57.671342
      ],
      [
        22.574326,
        57.671342
      ],
      [
        22.574423,
        57.671431
      ],
      [
        22.574553,
        57.671491
      ],
      [
        22.574553,
        57.671491
      ],
      [
        22.574636,
        57.671605
      ],
      [
        22.574643,
        57.671637
      ],
      [
        22.574651,
        57.671668
      ],
      [
        22.574599,
        57.671756
      ],
      [
        22.574599,
        57.671756
      ],
      [
        22.574558,
        57.671881
      ],
      [
        22.574549,
        57.671917
      ],
      [
        22.57454,
        57.671952
      ],
      [
        22.574591,
        57.672025
      ],
      [
        22.574591,
        57.672025
      ],
      [
        22.574591,
        57.672025
      ],
      [
        22.574671,
        57.672116
      ],
      [
        22.574671,
        57.672116
      ],
      [
        22.574714,
        57.672206
      ],
      [
        22.574714,
        57.672206
      ],
      [
        22.574679,
        57.672348
      ],
      [
        22.574671,
        57.672395
      ],
      [
        22.574662,
        57.672443
      ],
      [
        22.574653,
        57.67249
      ],
      [
        22.574578,
        57.672583
      ],
      [
        22.574578,
        57.672583
      ],
      [
        22.574582,
        57.672674
      ],
      [
        22.574588,
        57.672775
      ],
      [
        22.574589,
        57.672873
      ],
      [
        22.574589,
        57.672873
      ],
      [
        22.574534,
        57.672972
      ],
      [
        22.574534,
        57.672972
      ],
      [
        22.57448,
        57.673118
      ],
      [
        22.574473,
        57.673166
      ],
      [
        22.574466,
        57.673213
      ],
      [
        22.574459,
        57.67326
      ],
      [
        22.574455,
        57.673359
      ],
      [
        22.574455,
        57.673359
      ],
      [
        22.574428,
        57.673458
      ],
      [
        22.574428,
        57.673458
      ],
      [
        22.574414,
        57.67355
      ],
      [
        22.57442,
        57.673646
      ],
      [
        22.57442,
        57.673646
      ],
      [
        22.574372,
        57.673732
      ],
      [
        22.574398,
        57.673822
      ],
      [
        22.5744,
        57.673917
      ],
      [
        22.5744,
        57.673917
      ],
      [
        22.574338,
        57.674031
      ],
      [
        22.574361,
        57.674123
      ],
      [
        22.574361,
        57.674123
      ],
      [
        22.574361,
        57.674123
      ],
      [
        22.574361,
        57.674123
      ],
      [
        22.574356,
        57.674217
      ],
      [
        22.574356,
        57.674217
      ],
      [
        22.574288,
        57.674302
      ],
      [
        22.5743,
        57.674396
      ],
      [
        22.5743,
        57.674396
      ],
      [
        22.574177,
        57.674465
      ],
      [
        22.574053,
        57.674539
      ],
      [
        22.574053,
        57.674539
      ],
      [
        22.574067,
        57.67464
      ],
      [
        22.574067,
        57.67464
      ],
      [
        22.57411,
        57.67473
      ],
      [
        22.57411,
        57.67473
      ],
      [
        22.574083,
        57.674821
      ],
      [
        22.574098,
        57.674912
      ],
      [
        22.574098,
        57.674912
      ],
      [
        22.574097,
        57.675029
      ],
      [
        22.574097,
        57.675029
      ],
      [
        22.574097,
        57.675029
      ],
      [
        22.573935,
        57.675058
      ],
      [
        22.573935,
        57.675058
      ],
      [
        22.574059,
        57.675161
      ],
      [
        22.574062,
        57.675195
      ],
      [
        22.574065,
        57.675228
      ],
      [
        22.574148,
        57.67531
      ],
      [
        22.574148,
        57.67531
      ],
      [
        22.574188,
        57.675401
      ],
      [
        22.574188,
        57.675401
      ],
      [
        22.574182,
        57.675506
      ],
      [
        22.574218,
        57.675598
      ],
      [
        22.574218,
        57.675598
      ],
      [
        22.574176,
        57.675694
      ],
      [
        22.57412,
        57.675779
      ],
      [
        22.57412,
        57.675779
      ],
      [
        22.574086,
        57.675878
      ],
      [
        22.574086,
        57.675878
      ],
      [
        22.574086,
        57.675878
      ],
      [
        22.574086,
        57.675878
      ],
      [
        22.574113,
        57.67597
      ],
      [
        22.574151,
        57.676064
      ],
      [
        22.574176,
        57.676162
      ],
      [
        22.574176,
        57.676162
      ],
      [
        22.574178,
        57.676261
      ],
      [
        22.574178,
        57.676261
      ],
      [
        22.574107,
        57.676343
      ],
      [
        22.574107,
        57.676343
      ],
      [
        22.574107,
        57.676343
      ],
      [
        22.574107,
        57.676343
      ],
      [
        22.57406,
        57.676433
      ],
      [
        22.57406,
        57.676433
      ],
      [
        22.57406,
        57.676433
      ],
      [
        22.573966,
        57.676508
      ],
      [
        22.573966,
        57.676508
      ],
      [
        22.573966,
        57.676508
      ],
      [
        22.573963,
        57.676599
      ],
      [
        22.573963,
        57.676599
      ],
      [
        22.573988,
        57.676703
      ],
      [
        22.573988,
        57.676703
      ],
      [
        22.573988,
        57.676703
      ],
      [
        22.573988,
        57.676703
      ],
      [
        22.573988,
        57.676703
      ],
      [
        22.573988,
        57.676703
      ],
      [
        22.574091,
        57.676779
      ],
      [
        22.574091,
        57.676779
      ],
      [
        22.573951,
        57.676839
      ],
      [
        22.573951,
        57.676839
      ],
      [
        22.573951,
        57.676839
      ],
      [
        22.573951,
        57.676839
      ],
      [
        22.573951,
        57.676839
      ],
      [
        22.573951,
        57.676839
      ],
      [
        22.573951,
        57.676839
      ],
      [
        22.573861,
        57.676937
      ],
      [
        22.573861,
        57.676937
      ],
      [
        22.573892,
        57.677028
      ],
      [
        22.573892,
        57.677028
      ],
      [
        22.573892,
        57.677028
      ],
      [
        22.573892,
        57.677028
      ],
      [
        22.573872,
        57.677131
      ],
      [
        22.5739,
        57.677228
      ],
      [
        22.5739,
        57.677228
      ],
      [
        22.5739,
        57.677228
      ],
      [
        22.573862,
        57.677324
      ],
      [
        22.573862,
        57.677324
      ],
      [
        22.573862,
        57.677324
      ],
      [
        22.573848,
        57.677418
      ],
      [
        22.573848,
        57.677418
      ],
      [
        22.573848,
        57.677418
      ],
      [
        22.573808,
        57.677521
      ],
      [
        22.573807,
        57.677616
      ],
      [
        22.573801,
        57.677722
      ],
      [
        22.573801,
        57.677722
      ],
      [
        22.57378,
        57.677829
      ],
      [
        22.57378,
        57.677829
      ],
      [
        22.57378,
        57.677829
      ],
      [
        22.57378,
        57.677829
      ],
      [
        22.573743,
        57.677931
      ],
      [
        22.573717,
        57.678031
      ],
      [
        22.573717,
        57.678031
      ],
      [
        22.573717,
        57.678124
      ],
      [
        22.573717,
        57.678124
      ],
      [
        22.573763,
        57.678216
      ],
      [
        22.573763,
        57.678216
      ],
      [
        22.573763,
        57.678216
      ],
      [
        22.573775,
        57.678306
      ],
      [
        22.573775,
        57.678306
      ],
      [
        22.57377,
        57.678407
      ],
      [
        22.57377,
        57.678407
      ],
      [
        22.573763,
        57.67851
      ],
      [
        22.573752,
        57.678602
      ],
      [
        22.573717,
        57.678696
      ],
      [
        22.573717,
        57.678696
      ],
      [
        22.573675,
        57.678789
      ],
      [
        22.573675,
        57.678789
      ],
      [
        22.57366,
        57.678895
      ],
      [
        22.57366,
        57.678895
      ],
      [
        22.573534,
        57.678962
      ],
      [
        22.573534,
        57.678962
      ],
      [
        22.573462,
        57.679048
      ],
      [
        22.573514,
        57.679153
      ],
      [
        22.573514,
        57.679153
      ],
      [
        22.573509,
        57.679251
      ],
      [
        22.573509,
        57.679251
      ],
      [
        22.573619,
        57.67933
      ],
      [
        22.573619,
        57.67933
      ],
      [
        22.573705,
        57.679419
      ],
      [
        22.573705,
        57.679419
      ],
      [
        22.573689,
        57.679541
      ],
      [
        22.573704,
        57.679574
      ],
      [
        22.573719,
        57.679607
      ],
      [
        22.573818,
        57.679667
      ],
      [
        22.573818,
        57.679667
      ],
      [
        22.573975,
        57.679699
      ],
      [
        22.573975,
        57.679699
      ],
      [
        22.573975,
        57.679699
      ],
      [
        22.573975,
        57.679699
      ],
      [
        22.573975,
        57.679699
      ],
      [
        22.573975,
        57.679699
      ],
      [
        22.573975,
        57.679699
      ],
      [
        22.573975,
        57.679699
      ],
      [
        22.574142,
        57.679716
      ],
      [
        22.574142,
        57.679716
      ],
      [
        22.574142,
        57.679716
      ],
      [
        22.574142,
        57.679716
      ],
      [
        22.574142,
        57.679716
      ],
      [
        22.574142,
        57.679716
      ],
      [
        22.574142,
        57.679716
      ],
      [
        22.574142,
        57.679716
      ],
      [
        22.574142,
        57.679716
      ],
      [
        22.574147,
        57.679807
      ],
      [
        22.574147,
        57.679807
      ],
      [
        22.574148,
        57.679823
      ],
      [
        22.574149,
        57.679839
      ],
      [
        22.57415,
        57.679855
      ],
      [
        22.574151,
        57.67987
      ],
      [
        22.574152,
        57.679886
      ],
      [
        22.574153,
        57.679902
      ],
      [
        22.574153,
        57.679902
      ],
      [
        22.574153,
        57.679902
      ],
      [
        22.574153,
        57.679902
      ],
      [
        22.574146,
        57.679992
      ],
      [
        22.574143,
        57.680085
      ],
      [
        22.574143,
        57.680085
      ],
      [
        22.574143,
        57.680085
      ],
      [
        22.574143,
        57.680085
      ],
      [
        22.574143,
        57.680085
      ],
      [
        22.574306,
        57.680113
      ],
      [
        22.574306,
        57.680113
      ],
      [
        22.574332,
        57.680117
      ],
      [
        22.574357,
        57.68012
      ],
      [
        22.574383,
        57.680124
      ],
      [
        22.574409,
        57.680127
      ],
      [
        22.574435,
        57.680131
      ],
      [
        22.57446,
        57.680134
      ],
      [
        22.574486,
        57.680138
      ],
      [
        22.57451,
        57.680148
      ],
      [
        22.574535,
        57.680159
      ],
      [
        22.574559,
        57.680169
      ],
      [
        22.574583,
        57.68018
      ],
      [
        22.574608,
        57.68019
      ],
      [
        22.574632,
        57.680201
      ],
      [
        22.574656,
        57.680211
      ],
      [
        22.574681,
        57.680222
      ],
      [
        22.574705,
        57.680232
      ],
      [
        22.574705,
        57.680232
      ],
      [
        22.574705,
        57.680232
      ],
      [
        22.574705,
        57.680232
      ],
      [
        22.574736,
        57.680326
      ],
      [
        22.574736,
        57.680326
      ],
      [
        22.574744,
        57.680344
      ],
      [
        22.574753,
        57.680362
      ],
      [
        22.574761,
        57.680381
      ],
      [
        22.57477,
        57.680399
      ],
      [
        22.574778,
        57.680417
      ],
      [
        22.574756,
        57.68052
      ],
      [
        22.574758,
        57.680533
      ],
      [
        22.574761,
        57.680545
      ],
      [
        22.574763,
        57.680558
      ],
      [
        22.574766,
        57.68057
      ],
      [
        22.574768,
        57.680582
      ],
      [
        22.574771,
        57.680595
      ],
      [
        22.574773,
        57.680607
      ],
      [
        22.574776,
        57.68062
      ],
      [
        22.574778,
        57.680632
      ],
      [
        22.574781,
        57.680644
      ],
      [
        22.574783,
        57.680657
      ],
      [
        22.574786,
        57.680669
      ],
      [
        22.574788,
        57.680682
      ],
      [
        22.574791,
        57.680694
      ],
      [
        22.574791,
        57.680694
      ],
      [
        22.574774,
        57.680784
      ],
      [
        22.574774,
        57.680784
      ],
      [
        22.574788,
        57.680874
      ],
      [
        22.574788,
        57.680874
      ],
      [
        22.574923,
        57.680935
      ],
      [
        22.574923,
        57.680935
      ],
      [
        22.574923,
        57.680935
      ],
      [
        22.57489,
        57.681031
      ],
      [
        22.57489,
        57.681031
      ],
      [
        22.574741,
        57.681089
      ],
      [
        22.574741,
        57.681089
      ],
      [
        22.574741,
        57.681089
      ],
      [
        22.574741,
        57.681089
      ],
      [
        22.574668,
        57.681183
      ],
      [
        22.574668,
        57.681183
      ],
      [
        22.574715,
        57.681277
      ],
      [
        22.574715,
        57.681277
      ],
      [
        22.574698,
        57.681375
      ],
      [
        22.574698,
        57.681375
      ],
      [
        22.574698,
        57.681375
      ],
      [
        22.574699,
        57.681476
      ],
      [
        22.574699,
        57.681476
      ],
      [
        22.574681,
        57.681568
      ],
      [
        22.574681,
        57.681568
      ],
      [
        22.57467,
        57.681662
      ],
      [
        22.57467,
        57.681662
      ],
      [
        22.57467,
        57.681662
      ],
      [
        22.57467,
        57.681662
      ],
      [
        22.57467,
        57.681662
      ],
      [
        22.57467,
        57.681662
      ],
      [
        22.57467,
        57.681662
      ],
      [
        22.574739,
        57.681747
      ],
      [
        22.574739,
        57.681747
      ],
      [
        22.574739,
        57.681747
      ],
      [
        22.574739,
        57.681747
      ],
      [
        22.574743,
        57.68184
      ],
      [
        22.574743,
        57.68184
      ],
      [
        22.574743,
        57.68184
      ],
      [
        22.574743,
        57.68184
      ],
      [
        22.574753,
        57.681933
      ],
      [
        22.574753,
        57.681933
      ],
      [
        22.574718,
        57.68203
      ],
      [
        22.574718,
        57.68203
      ],
      [
        22.574734,
        57.68213
      ],
      [
        22.574734,
        57.68213
      ],
      [
        22.574734,
        57.68213
      ],
      [
        22.574734,
        57.68213
      ],
      [
        22.574761,
        57.682222
      ],
      [
        22.574761,
        57.682222
      ],
      [
        22.574761,
        57.682222
      ],
      [
        22.574761,
        57.682222
      ],
      [
        22.574761,
        57.682222
      ],
      [
        22.574761,
        57.682222
      ],
      [
        22.574761,
        57.682222
      ],
      [
        22.574761,
        57.682222
      ],
      [
        22.574761,
        57.682222
      ],
      [
        22.574761,
        57.682222
      ],
      [
        22.57458,
        57.682249
      ],
      [
        22.57458,
        57.682249
      ],
      [
        22.57458,
        57.682249
      ],
      [
        22.57458,
        57.682249
      ],
      [
        22.574467,
        57.682316
      ],
      [
        22.574467,
        57.682316
      ],
      [
        22.574467,
        57.682316
      ],
      [
        22.574467,
        57.682316
      ],
      [
        22.574321,
        57.682371
      ],
      [
        22.574321,
        57.682371
      ],
      [
        22.574321,
        57.682371
      ],
      [
        22.574321,
        57.682371
      ],
      [
        22.574321,
        57.682371
      ],
      [
        22.574152,
        57.682382
      ],
      [
        22.574152,
        57.682382
      ],
      [
        22.574077,
        57.682471
      ],
      [
        22.574077,
        57.682471
      ],
      [
        22.574086,
        57.68257
      ],
      [
        22.574086,
        57.68257
      ],
      [
        22.574086,
        57.68257
      ],
      [
        22.574054,
        57.682664
      ],
      [
        22.574054,
        57.682664
      ],
      [
        22.574054,
        57.682664
      ],
      [
        22.573926,
        57.682729
      ],
      [
        22.573926,
        57.682729
      ],
      [
        22.573926,
        57.682729
      ],
      [
        22.573892,
        57.682822
      ],
      [
        22.573892,
        57.682822
      ],
      [
        22.573892,
        57.682822
      ],
      [
        22.573892,
        57.682822
      ],
      [
        22.573873,
        57.682916
      ],
      [
        22.573873,
        57.682916
      ],
      [
        22.573947,
        57.683
      ],
      [
        22.573947,
        57.683
      ],
      [
        22.573989,
        57.683093
      ],
      [
        22.573989,
        57.683093
      ],
      [
        22.573989,
        57.683093
      ],
      [
        22.573982,
        57.683185
      ],
      [
        22.573982,
        57.683185
      ],
      [
        22.573982,
        57.683185
      ],
      [
        22.573924,
        57.68327
      ],
      [
        22.573924,
        57.68327
      ],
      [
        22.573968,
        57.683367
      ],
      [
        22.573968,
        57.683367
      ],
      [
        22.573968,
        57.683367
      ],
      [
        22.574028,
        57.683452
      ],
      [
        22.574028,
        57.683452
      ],
      [
        22.574056,
        57.683554
      ],
      [
        22.574056,
        57.683554
      ],
      [
        22.573973,
        57.683649
      ],
      [
        22.573973,
        57.683649
      ],
      [
        22.573885,
        57.683733
      ],
      [
        22.573885,
        57.683733
      ],
      [
        22.573855,
        57.683823
      ],
      [
        22.573855,
        57.683823
      ],
      [
        22.573875,
        57.683913
      ],
      [
        22.573915,
        57.684014
      ],
      [
        22.573956,
        57.684116
      ],
      [
        22.573956,
        57.684116
      ],
      [
        22.574015,
        57.684244
      ],
      [
        22.574034,
        57.684275
      ],
      [
        22.574052,
        57.684307
      ],
      [
        22.574051,
        57.684408
      ],
      [
        22.574051,
        57.684408
      ],
      [
        22.574044,
        57.684509
      ],
      [
        22.574044,
        57.684509
      ],
      [
        22.57402,
        57.684607
      ],
      [
        22.573997,
        57.684699
      ],
      [
        22.573994,
        57.684799
      ],
      [
        22.573994,
        57.684799
      ],
      [
        22.574025,
        57.684891
      ],
      [
        22.574007,
        57.684995
      ],
      [
        22.574025,
        57.685092
      ],
      [
        22.574025,
        57.685092
      ],
      [
        22.574015,
        57.685187
      ],
      [
        22.573987,
        57.685281
      ],
      [
        22.574022,
        57.685378
      ],
      [
        22.574022,
        57.685378
      ],
      [
        22.57404,
        57.685512
      ],
      [
        22.574047,
        57.685543
      ],
      [
        22.574053,
        57.685575
      ],
      [
        22.574013,
        57.685666
      ],
      [
        22.574013,
        57.685666
      ],
      [
        22.573966,
        57.685658
      ],
      [
        22.573918,
        57.685649
      ],
      [
        22.573871,
        57.685641
      ],
      [
        22.573823,
        57.685633
      ],
      [
        22.573776,
        57.685625
      ],
      [
        22.573728,
        57.685616
      ],
      [
        22.573681,
        57.685608
      ],
      [
        22.573668,
        57.685597
      ],
      [
        22.573655,
        57.685585
      ],
      [
        22.573642,
        57.685574
      ],
      [
        22.573629,
        57.685563
      ],
      [
        22.573616,
        57.685551
      ],
      [
        22.573603,
        57.68554
      ],
      [
        22.57359,
        57.685529
      ],
      [
        22.573577,
        57.685517
      ],
      [
        22.573564,
        57.685506
      ],
      [
        22.573551,
        57.685495
      ],
      [
        22.573537,
        57.685483
      ],
      [
        22.573524,
        57.685472
      ],
      [
        22.573511,
        57.685461
      ],
      [
        22.573498,
        57.685449
      ],
      [
        22.573485,
        57.685438
      ],
      [
        22.573472,
        57.685427
      ],
      [
        22.573459,
        57.685415
      ],
      [
        22.573446,
        57.685404
      ],
      [
        22.573433,
        57.685393
      ],
      [
        22.57342,
        57.685381
      ],
      [
        22.573407,
        57.68537
      ],
      [
        22.573386,
        57.685367
      ],
      [
        22.573365,
        57.685365
      ],
      [
        22.573344,
        57.685362
      ],
      [
        22.573323,
        57.685359
      ],
      [
        22.573302,
        57.685357
      ],
      [
        22.573281,
        57.685354
      ],
      [
        22.573261,
        57.685351
      ],
      [
        22.57324,
        57.685349
      ],
      [
        22.573219,
        57.685346
      ],
      [
        22.573198,
        57.685343
      ],
      [
        22.573177,
        57.685341
      ],
      [
        22.573156,
        57.685338
      ],
      [
        22.573156,
        57.685338
      ],
      [
        22.573156,
        57.685338
      ],
      [
        22.573156,
        57.685338
      ],
      [
        22.573156,
        57.685338
      ],
      [
        22.573156,
        57.685338
      ],
      [
        22.573022,
        57.685397
      ],
      [
        22.573022,
        57.685397
      ],
      [
        22.573022,
        57.685397
      ],
      [
        22.573022,
        57.685397
      ],
      [
        22.573022,
        57.685397
      ],
      [
        22.573022,
        57.685397
      ],
      [
        22.573022,
        57.685397
      ],
      [
        22.573022,
        57.685397
      ],
      [
        22.573022,
        57.685397
      ],
      [
        22.573022,
        57.685397
      ],
      [
        22.573022,
        57.685397
      ],
      [
        22.573022,
        57.685397
      ],
      [
        22.572945,
        57.685486
      ],
      [
        22.572945,
        57.685486
      ],
      [
        22.572945,
        57.685486
      ],
      [
        22.573096,
        57.68544
      ],
      [
        22.573096,
        57.68544
      ],
      [
        22.573096,
        57.68544
      ],
      [
        22.573096,
        57.68544
      ],
      [
        22.573096,
        57.68544
      ],
      [
        22.573154,
        57.685351
      ],
      [
        22.573154,
        57.685351
      ],
      [
        22.573154,
        57.685351
      ],
      [
        22.573211,
        57.685265
      ],
      [
        22.573211,
        57.685265
      ],
      [
        22.573211,
        57.685265
      ],
      [
        22.573384,
        57.685273
      ],
      [
        22.573384,
        57.685273
      ],
      [
        22.573384,
        57.685273
      ],
      [
        22.573384,
        57.685273
      ],
      [
        22.573553,
        57.685272
      ],
      [
        22.573553,
        57.685272
      ],
      [
        22.573553,
        57.685272
      ],
      [
        22.573553,
        57.685272
      ],
      [
        22.573553,
        57.685272
      ],
      [
        22.573553,
        57.685272
      ],
      [
        22.57365,
        57.685192
      ],
      [
        22.57365,
        57.685192
      ],
      [
        22.57365,
        57.685192
      ],
      [
        22.57365,
        57.685192
      ],
      [
        22.573696,
        57.685095
      ],
      [
        22.573696,
        57.685095
      ],
      [
        22.573726,
        57.684996
      ],
      [
        22.57369,
        57.684899
      ],
      [
        22.573675,
        57.684802
      ],
      [
        22.573675,
        57.684802
      ],
      [
        22.573743,
        57.684713
      ],
      [
        22.573743,
        57.684713
      ],
      [
        22.57385,
        57.684627
      ],
      [
        22.573933,
        57.684548
      ],
      [
        22.573933,
        57.684548
      ],
      [
        22.57397,
        57.684414
      ],
      [
        22.573994,
        57.684375
      ],
      [
        22.574017,
        57.684335
      ],
      [
        22.574044,
        57.68423
      ],
      [
        22.574046,
        57.6842
      ],
      [
        22.574048,
        57.684169
      ],
      [
        22.574044,
        57.684061
      ],
      [
        22.574044,
        57.684061
      ],
      [
        22.574055,
        57.683911
      ],
      [
        22.57406,
        57.683865
      ],
      [
        22.574065,
        57.683818
      ],
      [
        22.57407,
        57.683772
      ],
      [
        22.574075,
        57.683725
      ],
      [
        22.574068,
        57.683647
      ],
      [
        22.574068,
        57.683647
      ],
      [
        22.574119,
        57.683551
      ],
      [
        22.574119,
        57.683551
      ],
      [
        22.574119,
        57.683551
      ],
      [
        22.574119,
        57.683551
      ],
      [
        22.574047,
        57.683463
      ],
      [
        22.574047,
        57.683463
      ],
      [
        22.574028,
        57.683367
      ],
      [
        22.574028,
        57.683367
      ],
      [
        22.574022,
        57.683276
      ],
      [
        22.574022,
        57.683276
      ],
      [
        22.573928,
        57.683201
      ],
      [
        22.573928,
        57.683201
      ],
      [
        22.573921,
        57.683109
      ],
      [
        22.573955,
        57.683017
      ],
      [
        22.573955,
        57.683017
      ],
      [
        22.573955,
        57.683017
      ],
      [
        22.573955,
        57.683017
      ],
      [
        22.57399,
        57.682923
      ],
      [
        22.57399,
        57.682923
      ],
      [
        22.573995,
        57.682829
      ],
      [
        22.573995,
        57.682829
      ],
      [
        22.573965,
        57.682738
      ],
      [
        22.573965,
        57.682738
      ],
      [
        22.573965,
        57.682738
      ],
      [
        22.573965,
        57.682738
      ],
      [
        22.573975,
        57.682642
      ],
      [
        22.573975,
        57.682642
      ],
      [
        22.574029,
        57.682553
      ],
      [
        22.574029,
        57.682553
      ],
      [
        22.574029,
        57.682553
      ],
      [
        22.57408,
        57.682462
      ],
      [
        22.57408,
        57.682462
      ],
      [
        22.574121,
        57.682371
      ],
      [
        22.574121,
        57.682371
      ],
      [
        22.574121,
        57.682371
      ],
      [
        22.574201,
        57.682284
      ],
      [
        22.574201,
        57.682284
      ],
      [
        22.574178,
        57.682187
      ],
      [
        22.574178,
        57.682187
      ],
      [
        22.574198,
        57.682049
      ],
      [
        22.574222,
        57.682014
      ],
      [
        22.574247,
        57.681978
      ],
      [
        22.574271,
        57.681943
      ],
      [
        22.574296,
        57.681907
      ],
      [
        22.574298,
        57.681893
      ],
      [
        22.574299,
        57.681878
      ],
      [
        22.574301,
        57.681864
      ],
      [
        22.574303,
        57.681849
      ],
      [
        22.574305,
        57.681835
      ],
      [
        22.574306,
        57.681821
      ],
      [
        22.574308,
        57.681806
      ],
      [
        22.57431,
        57.681792
      ],
      [
        22.574254,
        57.681716
      ],
      [
        22.574254,
        57.681716
      ],
      [
        22.574254,
        57.681716
      ],
      [
        22.574254,
        57.681716
      ],
      [
        22.574328,
        57.681629
      ],
      [
        22.574328,
        57.681629
      ],
      [
        22.574327,
        57.681581
      ],
      [
        22.574325,
        57.681533
      ],
      [
        22.574324,
        57.681484
      ],
      [
        22.574323,
        57.681436
      ],
      [
        22.574318,
        57.681337
      ],
      [
        22.574318,
        57.681337
      ],
      [
        22.574369,
        57.681206
      ],
      [
        22.574376,
        57.681173
      ],
      [
        22.574384,
        57.681139
      ],
      [
        22.574395,
        57.681043
      ],
      [
        22.574395,
        57.681043
      ],
      [
        22.574395,
        57.681043
      ],
      [
        22.574427,
        57.68095
      ],
      [
        22.574427,
        57.68095
      ],
      [
        22.574436,
        57.680845
      ],
      [
        22.574436,
        57.680845
      ],
      [
        22.574403,
        57.680752
      ],
      [
        22.574379,
        57.680662
      ],
      [
        22.574379,
        57.680662
      ],
      [
        22.574413,
        57.680565
      ],
      [
        22.574413,
        57.680565
      ],
      [
        22.574444,
        57.680467
      ],
      [
        22.574444,
        57.680467
      ],
      [
        22.574367,
        57.680373
      ],
      [
        22.574367,
        57.680373
      ],
      [
        22.574348,
        57.680279
      ],
      [
        22.574348,
        57.680279
      ],
      [
        22.574348,
        57.680279
      ],
      [
        22.5743,
        57.680193
      ],
      [
        22.5743,
        57.680193
      ],
      [
        22.574366,
        57.680105
      ],
      [
        22.574366,
        57.680105
      ],
      [
        22.574366,
        57.680105
      ],
      [
        22.574355,
        57.680197
      ],
      [
        22.574355,
        57.680197
      ],
      [
        22.574345,
        57.680088
      ],
      [
        22.574345,
        57.680088
      ],
      [
        22.574357,
        57.67995
      ],
      [
        22.574359,
        57.679911
      ],
      [
        22.574362,
        57.679871
      ],
      [
        22.574364,
        57.679832
      ],
      [
        22.574367,
        57.679793
      ],
      [
        22.574188,
        57.679753
      ],
      [
        22.574188,
        57.679753
      ],
      [
        22.574114,
        57.679672
      ],
      [
        22.574114,
        57.679672
      ],
      [
        22.574114,
        57.679672
      ],
      [
        22.574122,
        57.679579
      ],
      [
        22.574122,
        57.679579
      ],
      [
        22.574126,
        57.679487
      ],
      [
        22.574126,
        57.679487
      ],
      [
        22.574098,
        57.679391
      ],
      [
        22.574098,
        57.679391
      ],
      [
        22.574133,
        57.679285
      ],
      [
        22.574133,
        57.679285
      ],
      [
        22.574119,
        57.679193
      ],
      [
        22.574119,
        57.679193
      ],
      [
        22.574132,
        57.679098
      ],
      [
        22.574132,
        57.679098
      ],
      [
        22.574132,
        57.679098
      ],
      [
        22.574139,
        57.678998
      ],
      [
        22.574139,
        57.678998
      ],
      [
        22.574155,
        57.678904
      ],
      [
        22.574155,
        57.678904
      ],
      [
        22.574143,
        57.678811
      ],
      [
        22.574143,
        57.678811
      ],
      [
        22.574143,
        57.678811
      ],
      [
        22.574143,
        57.678811
      ],
      [
        22.5741,
        57.678721
      ],
      [
        22.5741,
        57.678721
      ],
      [
        22.574214,
        57.678638
      ],
      [
        22.574214,
        57.678638
      ],
      [
        22.574201,
        57.67851
      ],
      [
        22.574193,
        57.678476
      ],
      [
        22.574185,
        57.678442
      ],
      [
        22.574185,
        57.678442
      ],
      [
        22.574185,
        57.678442
      ],
      [
        22.574224,
        57.678353
      ],
      [
        22.574224,
        57.678353
      ],
      [
        22.574255,
        57.678263
      ],
      [
        22.574248,
        57.678153
      ],
      [
        22.574257,
        57.678052
      ],
      [
        22.574257,
        57.678052
      ],
      [
        22.574257,
        57.678052
      ],
      [
        22.574257,
        57.678052
      ],
      [
        22.574275,
        57.677956
      ],
      [
        22.574275,
        57.677956
      ],
      [
        22.574264,
        57.677853
      ],
      [
        22.574264,
        57.677853
      ],
      [
        22.574264,
        57.677853
      ],
      [
        22.574334,
        57.67776
      ],
      [
        22.574334,
        57.67776
      ],
      [
        22.574334,
        57.67776
      ],
      [
        22.574334,
        57.67776
      ],
      [
        22.574391,
        57.677674
      ],
      [
        22.574364,
        57.677571
      ],
      [
        22.574364,
        57.677571
      ],
      [
        22.574325,
        57.677483
      ],
      [
        22.574325,
        57.677483
      ],
      [
        22.574325,
        57.677483
      ],
      [
        22.57433,
        57.677386
      ],
      [
        22.57433,
        57.677386
      ],
      [
        22.57433,
        57.677386
      ],
      [
        22.574318,
        57.677283
      ],
      [
        22.574318,
        57.677283
      ],
      [
        22.57432,
        57.677185
      ],
      [
        22.57432,
        57.677185
      ],
      [
        22.574327,
        57.677146
      ],
      [
        22.574335,
        57.677107
      ],
      [
        22.574342,
        57.677068
      ],
      [
        22.57435,
        57.677029
      ],
      [
        22.574357,
        57.67699
      ],
      [
        22.574358,
        57.676868
      ],
      [
        22.574367,
        57.676838
      ],
      [
        22.574375,
        57.676807
      ],
      [
        22.574383,
        57.676776
      ],
      [
        22.574392,
        57.676746
      ],
      [
        22.5744,
        57.676715
      ],
      [
        22.57441,
        57.676624
      ],
      [
        22.57441,
        57.676624
      ],
      [
        22.574461,
        57.67649
      ],
      [
        22.574455,
        57.676447
      ],
      [
        22.57445,
        57.676404
      ],
      [
        22.574445,
        57.676361
      ],
      [
        22.574439,
        57.676318
      ],
      [
        22.574442,
        57.676237
      ],
      [
        22.574442,
        57.676237
      ],
      [
        22.574449,
        57.676189
      ],
      [
        22.574457,
        57.67614
      ],
      [
        22.574464,
        57.676092
      ],
      [
        22.574471,
        57.676043
      ],
      [
        22.574471,
        57.676043
      ],
      [
        22.574465,
        57.675946
      ],
      [
        22.574465,
        57.675946
      ],
      [
        22.574492,
        57.67584
      ],
      [
        22.574561,
        57.67575
      ],
      [
        22.574561,
        57.67575
      ],
      [
        22.574561,
        57.67575
      ],
      [
        22.574561,
        57.67575
      ],
      [
        22.574639,
        57.675662
      ],
      [
        22.574639,
        57.675662
      ],
      [
        22.574628,
        57.675566
      ],
      [
        22.574628,
        57.675566
      ],
      [
        22.574628,
        57.675566
      ],
      [
        22.574628,
        57.675566
      ],
      [
        22.574615,
        57.67547
      ],
      [
        22.574615,
        57.67547
      ],
      [
        22.574613,
        57.675378
      ],
      [
        22.574613,
        57.675378
      ],
      [
        22.574613,
        57.675378
      ],
      [
        22.574601,
        57.675285
      ],
      [
        22.57461,
        57.675187
      ],
      [
        22.57461,
        57.675187
      ],
      [
        22.574619,
        57.675093
      ],
      [
        22.574619,
        57.675093
      ],
      [
        22.574634,
        57.674998
      ],
      [
        22.574674,
        57.674908
      ],
      [
        22.574674,
        57.674908
      ],
      [
        22.574647,
        57.674815
      ],
      [
        22.574647,
        57.674815
      ],
      [
        22.574674,
        57.674685
      ],
      [
        22.574687,
        57.674655
      ],
      [
        22.5747,
        57.674624
      ],
      [
        22.574724,
        57.674577
      ],
      [
        22.574747,
        57.67453
      ],
      [
        22.574771,
        57.674484
      ],
      [
        22.574795,
        57.674437
      ],
      [
        22.574818,
        57.67439
      ],
      [
        22.574842,
        57.674343
      ],
      [
        22.574865,
        57.674296
      ],
      [
        22.574889,
        57.674249
      ],
      [
        22.574913,
        57.674203
      ],
      [
        22.574936,
        57.674156
      ],
      [
        22.574963,
        57.674079
      ],
      [
        22.574963,
        57.674079
      ],
      [
        22.574979,
        57.673989
      ],
      [
        22.574995,
        57.673899
      ],
      [
        22.574995,
        57.673899
      ],
      [
        22.575017,
        57.673777
      ],
      [
        22.575028,
        57.673747
      ],
      [
        22.57504,
        57.673718
      ],
      [
        22.57504,
        57.673718
      ],
      [
        22.57504,
        57.673718
      ],
      [
        22.575098,
        57.673627
      ],
      [
        22.575098,
        57.673627
      ],
      [
        22.575103,
        57.67352
      ],
      [
        22.575103,
        57.67352
      ],
      [
        22.575086,
        57.67342
      ],
      [
        22.575086,
        57.67342
      ],
      [
        22.575069,
        57.67333
      ],
      [
        22.575069,
        57.67333
      ],
      [
        22.574903,
        57.673292
      ],
      [
        22.574903,
        57.673292
      ],
      [
        22.574903,
        57.673292
      ],
      [
        22.574903,
        57.673292
      ],
      [
        22.574919,
        57.673202
      ],
      [
        22.574919,
        57.673202
      ],
      [
        22.574919,
        57.673202
      ],
      [
        22.574919,
        57.673103
      ],
      [
        22.574919,
        57.673103
      ],
      [
        22.574919,
        57.673103
      ],
      [
        22.574969,
        57.673013
      ],
      [
        22.574969,
        57.673013
      ],
      [
        22.575033,
        57.672925
      ],
      [
        22.575033,
        57.672925
      ],
      [
        22.57516,
        57.672829
      ],
      [
        22.57516,
        57.672829
      ],
      [
        22.575263,
        57.672756
      ],
      [
        22.575246,
        57.672666
      ],
      [
        22.575246,
        57.672666
      ],
      [
        22.575263,
        57.672568
      ],
      [
        22.575263,
        57.672568
      ],
      [
        22.575303,
        57.672461
      ],
      [
        22.575303,
        57.672348
      ],
      [
        22.57531,
        57.672241
      ],
      [
        22.57531,
        57.672241
      ],
      [
        22.575335,
        57.672147
      ],
      [
        22.575361,
        57.672054
      ],
      [
        22.575371,
        57.671949
      ],
      [
        22.575381,
        57.671945
      ],
      [
        22.57551,
        57.671896
      ],
      [
        22.57551,
        57.671896
      ],
      [
        22.575593,
        57.671763
      ],
      [
        22.575609,
        57.671728
      ],
      [
        22.575624,
        57.671694
      ],
      [
        22.575625,
        57.671656
      ],
      [
        22.575626,
        57.671618
      ],
      [
        22.575626,
        57.671581
      ],
      [
        22.575627,
        57.671543
      ],
      [
        22.575628,
        57.671505
      ],
      [
        22.575679,
        57.671417
      ],
      [
        22.575679,
        57.671417
      ],
      [
        22.575752,
        57.671284
      ],
      [
        22.575746,
        57.671253
      ],
      [
        22.575739,
        57.671221
      ],
      [
        22.575752,
        57.671121
      ],
      [
        22.575752,
        57.671121
      ],
      [
        22.575752,
        57.671089
      ],
      [
        22.575751,
        57.671058
      ],
      [
        22.575751,
        57.671026
      ],
      [
        22.57577,
        57.670921
      ],
      [
        22.575759,
        57.67081
      ],
      [
        22.575759,
        57.67081
      ],
      [
        22.575758,
        57.670671
      ],
      [
        22.575762,
        57.67064
      ],
      [
        22.575766,
        57.670609
      ],
      [
        22.575772,
        57.670514
      ],
      [
        22.575772,
        57.670514
      ],
      [
        22.575816,
        57.670426
      ],
      [
        22.575816,
        57.670426
      ],
      [
        22.575663,
        57.670377
      ],
      [
        22.575663,
        57.670377
      ],
      [
        22.575607,
        57.670281
      ],
      [
        22.575634,
        57.670189
      ],
      [
        22.575634,
        57.670189
      ],
      [
        22.57566,
        57.67006
      ],
      [
        22.575661,
        57.670026
      ],
      [
        22.575662,
        57.669993
      ],
      [
        22.575698,
        57.669856
      ],
      [
        22.575705,
        57.669814
      ],
      [
        22.575711,
        57.669772
      ],
      [
        22.575717,
        57.669731
      ],
      [
        22.575724,
        57.669689
      ],
      [
        22.575767,
        57.669606
      ],
      [
        22.575767,
        57.669606
      ],
      [
        22.575904,
        57.669535
      ],
      [
        22.575904,
        57.669535
      ],
      [
        22.576062,
        57.669433
      ],
      [
        22.576094,
        57.6694
      ],
      [
        22.576127,
        57.669366
      ],
      [
        22.576214,
        57.669287
      ],
      [
        22.576214,
        57.669287
      ],
      [
        22.576237,
        57.669183
      ],
      [
        22.576237,
        57.669183
      ],
      [
        22.576289,
        57.669089
      ],
      [
        22.576289,
        57.669089
      ],
      [
        22.576263,
        57.668994
      ],
      [
        22.576255,
        57.668892
      ],
      [
        22.576255,
        57.668892
      ],
      [
        22.576259,
        57.6688
      ],
      [
        22.576259,
        57.6688
      ],
      [
        22.576323,
        57.668704
      ],
      [
        22.576323,
        57.668704
      ],
      [
        22.576363,
        57.668582
      ],
      [
        22.576387,
        57.66855
      ],
      [
        22.576411,
        57.668519
      ],
      [
        22.576442,
        57.668425
      ],
      [
        22.576442,
        57.668425
      ],
      [
        22.576501,
        57.668339
      ],
      [
        22.576501,
        57.668339
      ],
      [
        22.576614,
        57.668272
      ],
      [
        22.576614,
        57.668272
      ],
      [
        22.576623,
        57.668174
      ],
      [
        22.576623,
        57.668174
      ],
      [
        22.576714,
        57.66809
      ],
      [
        22.576714,
        57.66809
      ],
      [
        22.576793,
        57.668007
      ],
      [
        22.576793,
        57.668007
      ],
      [
        22.576793,
        57.668007
      ],
      [
        22.576836,
        57.66792
      ],
      [
        22.576836,
        57.66792
      ],
      [
        22.576836,
        57.66792
      ],
      [
        22.576836,
        57.66792
      ],
      [
        22.576894,
        57.667834
      ],
      [
        22.576894,
        57.667834
      ],
      [
        22.576894,
        57.667834
      ],
      [
        22.576894,
        57.667834
      ],
      [
        22.576956,
        57.667746
      ],
      [
        22.576956,
        57.667746
      ],
      [
        22.576956,
        57.667746
      ],
      [
        22.576956,
        57.667746
      ],
      [
        22.576956,
        57.667746
      ],
      [
        22.576876,
        57.667667
      ],
      [
        22.576876,
        57.667667
      ],
      [
        22.576795,
        57.66758
      ],
      [
        22.576794,
        57.667486
      ],
      [
        22.576729,
        57.667403
      ],
      [
        22.576729,
        57.667403
      ],
      [
        22.576688,
        57.667311
      ],
      [
        22.576688,
        57.667311
      ],
      [
        22.576686,
        57.66722
      ],
      [
        22.576686,
        57.66722
      ],
      [
        22.576621,
        57.667129
      ],
      [
        22.576621,
        57.667129
      ],
      [
        22.576674,
        57.666994
      ],
      [
        22.576679,
        57.66696
      ],
      [
        22.576684,
        57.666926
      ],
      [
        22.576703,
        57.666836
      ],
      [
        22.576703,
        57.666836
      ],
      [
        22.576703,
        57.666836
      ],
      [
        22.576619,
        57.666749
      ],
      [
        22.576619,
        57.666749
      ],
      [
        22.576619,
        57.666749
      ],
      [
        22.576549,
        57.666655
      ],
      [
        22.576549,
        57.666655
      ],
      [
        22.576591,
        57.666555
      ],
      [
        22.576591,
        57.666555
      ],
      [
        22.576591,
        57.666555
      ],
      [
        22.57662,
        57.666464
      ],
      [
        22.57662,
        57.666464
      ],
      [
        22.576593,
        57.666437
      ],
      [
        22.576566,
        57.66641
      ],
      [
        22.576539,
        57.666383
      ],
      [
        22.576526,
        57.666361
      ],
      [
        22.576513,
        57.66634
      ],
      [
        22.5765,
        57.666318
      ],
      [
        22.576487,
        57.666296
      ],
      [
        22.576501,
        57.66618
      ],
      [
        22.576496,
        57.666154
      ],
      [
        22.576492,
        57.666129
      ],
      [
        22.576488,
        57.666103
      ],
      [
        22.576451,
        57.666011
      ],
      [
        22.576451,
        57.666011
      ],
      [
        22.576496,
        57.665891
      ],
      [
        22.576524,
        57.665863
      ],
      [
        22.576551,
        57.665836
      ],
      [
        22.576609,
        57.665734
      ],
      [
        22.576609,
        57.665734
      ],
      [
        22.576699,
        57.665614
      ],
      [
        22.576741,
        57.665585
      ],
      [
        22.576782,
        57.665556
      ],
      [
        22.576831,
        57.66548
      ],
      [
        22.576831,
        57.66548
      ],
      [
        22.576888,
        57.665394
      ],
      [
        22.576942,
        57.665298
      ],
      [
        22.576977,
        57.665192
      ],
      [
        22.576977,
        57.665192
      ],
      [
        22.576977,
        57.665093
      ],
      [
        22.576977,
        57.665093
      ],
      [
        22.577004,
        57.665
      ],
      [
        22.577039,
        57.664899
      ],
      [
        22.57708,
        57.664807
      ],
      [
        22.57708,
        57.664807
      ],
      [
        22.577092,
        57.664658
      ],
      [
        22.577105,
        57.664619
      ],
      [
        22.577118,
        57.664581
      ],
      [
        22.57712,
        57.664489
      ],
      [
        22.577168,
        57.664397
      ],
      [
        22.577168,
        57.664397
      ],
      [
        22.577227,
        57.66429
      ],
      [
        22.577227,
        57.66429
      ],
      [
        22.577279,
        57.664204
      ],
      [
        22.577279,
        57.664204
      ],
      [
        22.577399,
        57.664138
      ],
      [
        22.577399,
        57.664138
      ],
      [
        22.577567,
        57.664115
      ],
      [
        22.577567,
        57.664115
      ],
      [
        22.577724,
        57.664061
      ],
      [
        22.577724,
        57.664061
      ],
      [
        22.577845,
        57.663996
      ],
      [
        22.577845,
        57.663996
      ],
      [
        22.577877,
        57.663905
      ],
      [
        22.577877,
        57.663905
      ],
      [
        22.577882,
        57.663802
      ],
      [
        22.577882,
        57.663802
      ],
      [
        22.577882,
        57.663802
      ],
      [
        22.577882,
        57.663802
      ],
      [
        22.578011,
        57.663736
      ],
      [
        22.578011,
        57.663736
      ],
      [
        22.578177,
        57.663703
      ],
      [
        22.578177,
        57.663703
      ],
      [
        22.578326,
        57.663656
      ],
      [
        22.578326,
        57.663656
      ],
      [
        22.578326,
        57.663656
      ],
      [
        22.578355,
        57.663567
      ],
      [
        22.578355,
        57.663567
      ],
      [
        22.578389,
        57.66347
      ],
      [
        22.578389,
        57.66347
      ],
      [
        22.578427,
        57.663373
      ],
      [
        22.578427,
        57.663373
      ],
      [
        22.578439,
        57.663282
      ],
      [
        22.578439,
        57.663282
      ],
      [
        22.578472,
        57.663149
      ],
      [
        22.578478,
        57.663112
      ],
      [
        22.578485,
        57.663074
      ],
      [
        22.578491,
        57.663037
      ],
      [
        22.578497,
        57.662999
      ],
      [
        22.578522,
        57.662869
      ],
      [
        22.578541,
        57.662836
      ],
      [
        22.578561,
        57.662804
      ],
      [
        22.578605,
        57.662723
      ],
      [
        22.578605,
        57.662723
      ],
      [
        22.578626,
        57.662632
      ],
      [
        22.578626,
        57.662632
      ],
      [
        22.578645,
        57.662504
      ],
      [
        22.578646,
        57.66247
      ],
      [
        22.578646,
        57.662437
      ],
      [
        22.578666,
        57.662341
      ],
      [
        22.578701,
        57.662248
      ],
      [
        22.578724,
        57.662143
      ],
      [
        22.578724,
        57.662143
      ],
      [
        22.578739,
        57.662122
      ],
      [
        22.578755,
        57.6621
      ],
      [
        22.57877,
        57.662079
      ],
      [
        22.578785,
        57.662057
      ],
      [
        22.57882,
        57.661959
      ],
      [
        22.578862,
        57.661859
      ],
      [
        22.578907,
        57.661765
      ],
      [
        22.578907,
        57.661765
      ],
      [
        22.57889,
        57.661673
      ],
      [
        22.57889,
        57.661673
      ],
      [
        22.57889,
        57.661673
      ],
      [
        22.578902,
        57.66157
      ],
      [
        22.578902,
        57.66157
      ],
      [
        22.578974,
        57.661429
      ],
      [
        22.578987,
        57.661388
      ],
      [
        22.579,
        57.661348
      ],
      [
        22.579034,
        57.661275
      ],
      [
        22.579034,
        57.661275
      ],
      [
        22.57908,
        57.661182
      ],
      [
        22.57908,
        57.661182
      ],
      [
        22.57908,
        57.661182
      ],
      [
        22.579104,
        57.661093
      ],
      [
        22.579104,
        57.661093
      ],
      [
        22.579114,
        57.660999
      ],
      [
        22.579114,
        57.660999
      ],
      [
        22.579108,
        57.660896
      ],
      [
        22.579108,
        57.660896
      ],
      [
        22.579159,
        57.660776
      ],
      [
        22.579172,
        57.660743
      ],
      [
        22.579186,
        57.660711
      ],
      [
        22.579199,
        57.660678
      ],
      [
        22.579213,
        57.660646
      ],
      [
        22.579227,
        57.660613
      ],
      [
        22.579265,
        57.660508
      ],
      [
        22.579274,
        57.660477
      ],
      [
        22.579282,
        57.660447
      ],
      [
        22.579282,
        57.660447
      ],
      [
        22.579304,
        57.660358
      ],
      [
        22.579304,
        57.660358
      ],
      [
        22.579368,
        57.660272
      ],
      [
        22.579412,
        57.660181
      ],
      [
        22.579412,
        57.660181
      ],
      [
        22.57943,
        57.660085
      ],
      [
        22.579483,
        57.66
      ],
      [
        22.579538,
        57.659901
      ],
      [
        22.579584,
        57.659808
      ],
      [
        22.579584,
        57.659808
      ],
      [
        22.579605,
        57.659713
      ],
      [
        22.579605,
        57.659713
      ],
      [
        22.579613,
        57.659615
      ],
      [
        22.579613,
        57.659615
      ],
      [
        22.579474,
        57.659559
      ],
      [
        22.579474,
        57.659559
      ],
      [
        22.579474,
        57.659559
      ],
      [
        22.579375,
        57.659483
      ],
      [
        22.579374,
        57.659386
      ],
      [
        22.579374,
        57.659386
      ],
      [
        22.579319,
        57.659298
      ],
      [
        22.579319,
        57.659298
      ],
      [
        22.579306,
        57.659202
      ],
      [
        22.579306,
        57.659202
      ],
      [
        22.579306,
        57.659202
      ],
      [
        22.579306,
        57.659106
      ],
      [
        22.579306,
        57.659106
      ],
      [
        22.579188,
        57.659035
      ],
      [
        22.579188,
        57.659035
      ],
      [
        22.579013,
        57.659014
      ],
      [
        22.579013,
        57.659014
      ],
      [
        22.579013,
        57.659014
      ],
      [
        22.578912,
        57.658937
      ],
      [
        22.578912,
        57.658937
      ],
      [
        22.578828,
        57.658854
      ],
      [
        22.578828,
        57.658854
      ],
      [
        22.578705,
        57.658789
      ],
      [
        22.578705,
        57.658789
      ],
      [
        22.578643,
        57.658704
      ],
      [
        22.578643,
        57.658704
      ],
      [
        22.578643,
        57.658704
      ],
      [
        22.578643,
        57.658704
      ],
      [
        22.578643,
        57.658704
      ],
      [
        22.578643,
        57.658704
      ],
      [
        22.578654,
        57.658599
      ],
      [
        22.578654,
        57.658599
      ],
      [
        22.578744,
        57.658477
      ],
      [
        22.57878,
        57.658443
      ],
      [
        22.578816,
        57.658409
      ],
      [
        22.578851,
        57.658375
      ],
      [
        22.578887,
        57.658341
      ],
      [
        22.578923,
        57.658307
      ],
      [
        22.578959,
        57.658273
      ],
      [
        22.579099,
        57.658157
      ],
      [
        22.579129,
        57.65812
      ],
      [
        22.57916,
        57.658084
      ],
      [
        22.579184,
        57.657999
      ],
      [
        22.579184,
        57.657999
      ],
      [
        22.579245,
        57.657867
      ],
      [
        22.579256,
        57.657829
      ],
      [
        22.579268,
        57.65779
      ],
      [
        22.579294,
        57.657712
      ],
      [
        22.579294,
        57.657712
      ],
      [
        22.579327,
        57.65762
      ],
      [
        22.579327,
        57.65762
      ],
      [
        22.579345,
        57.657526
      ],
      [
        22.579345,
        57.657526
      ],
      [
        22.579415,
        57.657437
      ],
      [
        22.579415,
        57.657437
      ],
      [
        22.579496,
        57.657312
      ],
      [
        22.579518,
        57.657277
      ],
      [
        22.57954,
        57.657243
      ],
      [
        22.579562,
        57.657208
      ],
      [
        22.579584,
        57.657173
      ],
      [
        22.579595,
        57.657124
      ],
      [
        22.579606,
        57.657075
      ],
      [
        22.579618,
        57.657026
      ],
      [
        22.579629,
        57.656978
      ],
      [
        22.579642,
        57.65689
      ],
      [
        22.579642,
        57.65689
      ],
      [
        22.579731,
        57.656762
      ],
      [
        22.579773,
        57.656729
      ],
      [
        22.579814,
        57.656696
      ],
      [
        22.579856,
        57.656663
      ],
      [
        22.579897,
        57.65663
      ],
      [
        22.579938,
        57.656597
      ],
      [
        22.57998,
        57.656564
      ],
      [
        22.580012,
        57.656483
      ],
      [
        22.580012,
        57.656483
      ],
      [
        22.580038,
        57.65639
      ],
      [
        22.580038,
        57.65639
      ],
      [
        22.580071,
        57.656254
      ],
      [
        22.580081,
        57.656216
      ],
      [
        22.580091,
        57.656178
      ],
      [
        22.580124,
        57.65609
      ],
      [
        22.580124,
        57.65609
      ],
      [
        22.580154,
        57.656
      ],
      [
        22.580174,
        57.655908
      ],
      [
        22.580218,
        57.655809
      ],
      [
        22.580218,
        57.655809
      ],
      [
        22.580261,
        57.655719
      ],
      [
        22.580261,
        57.655719
      ],
      [
        22.58034,
        57.655594
      ],
      [
        22.580358,
        57.655563
      ],
      [
        22.580375,
        57.655532
      ],
      [
        22.580474,
        57.655457
      ],
      [
        22.580474,
        57.655457
      ],
      [
        22.580474,
        57.655457
      ],
      [
        22.580631,
        57.655409
      ],
      [
        22.580777,
        57.655348
      ],
      [
        22.580777,
        57.655348
      ],
      [
        22.580939,
        57.655306
      ],
      [
        22.580939,
        57.655306
      ],
      [
        22.581099,
        57.655272
      ],
      [
        22.58125,
        57.655209
      ],
      [
        22.581311,
        57.655119
      ],
      [
        22.581311,
        57.655119
      ],
      [
        22.581293,
        57.65503
      ],
      [
        22.581293,
        57.65503
      ],
      [
        22.581353,
        57.654941
      ],
      [
        22.581353,
        57.654941
      ],
      [
        22.581391,
        57.654837
      ],
      [
        22.581381,
        57.654739
      ],
      [
        22.581381,
        57.654739
      ],
      [
        22.581427,
        57.654643
      ],
      [
        22.581504,
        57.654552
      ],
      [
        22.581504,
        57.654552
      ],
      [
        22.581597,
        57.654415
      ],
      [
        22.581616,
        57.654374
      ],
      [
        22.581635,
        57.654333
      ],
      [
        22.581654,
        57.654292
      ],
      [
        22.581673,
        57.654251
      ],
      [
        22.581692,
        57.65421
      ],
      [
        22.581711,
        57.654169
      ],
      [
        22.581771,
        57.654074
      ],
      [
        22.581814,
        57.653968
      ],
      [
        22.581871,
        57.653873
      ],
      [
        22.581871,
        57.653873
      ],
      [
        22.581938,
        57.653748
      ],
      [
        22.581946,
        57.65371
      ],
      [
        22.581955,
        57.653671
      ],
      [
        22.581989,
        57.653588
      ],
      [
        22.581989,
        57.653588
      ],
      [
        22.582034,
        57.653459
      ],
      [
        22.582035,
        57.653429
      ],
      [
        22.582037,
        57.653398
      ],
      [
        22.582037,
        57.653398
      ],
      [
        22.582056,
        57.653304
      ],
      [
        22.582056,
        57.653304
      ],
      [
        22.582054,
        57.65321
      ],
      [
        22.582094,
        57.65311
      ],
      [
        22.582094,
        57.65311
      ],
      [
        22.582147,
        57.652973
      ],
      [
        22.582163,
        57.652944
      ],
      [
        22.58218,
        57.652915
      ],
      [
        22.582256,
        57.652814
      ],
      [
        22.582304,
        57.652726
      ],
      [
        22.582304,
        57.652726
      ],
      [
        22.582377,
        57.652607
      ],
      [
        22.582387,
        57.652575
      ],
      [
        22.582398,
        57.652543
      ],
      [
        22.582402,
        57.652451
      ],
      [
        22.582402,
        57.652451
      ],
      [
        22.582402,
        57.652451
      ],
      [
        22.582421,
        57.652355
      ],
      [
        22.582488,
        57.652268
      ],
      [
        22.582547,
        57.65218
      ],
      [
        22.582547,
        57.65218
      ],
      [
        22.582598,
        57.652091
      ],
      [
        22.582598,
        57.652091
      ],
      [
        22.582619,
        57.652036
      ],
      [
        22.58264,
        57.651982
      ],
      [
        22.582661,
        57.651927
      ],
      [
        22.582682,
        57.651873
      ],
      [
        22.582721,
        57.651795
      ],
      [
        22.582721,
        57.651795
      ],
      [
        22.582777,
        57.651707
      ],
      [
        22.582796,
        57.65161
      ],
      [
        22.582842,
        57.651511
      ],
      [
        22.582842,
        57.651511
      ],
      [
        22.582842,
        57.65148
      ],
      [
        22.582843,
        57.651448
      ],
      [
        22.582843,
        57.651417
      ],
      [
        22.582843,
        57.651417
      ],
      [
        22.58275,
        57.651333
      ],
      [
        22.58275,
        57.651333
      ],
      [
        22.58275,
        57.651333
      ],
      [
        22.582739,
        57.651242
      ],
      [
        22.582739,
        57.651242
      ],
      [
        22.582803,
        57.651148
      ],
      [
        22.582803,
        57.651148
      ],
      [
        22.582803,
        57.651148
      ],
      [
        22.582803,
        57.651148
      ],
      [
        22.582803,
        57.651148
      ],
      [
        22.582803,
        57.651148
      ],
      [
        22.582803,
        57.651148
      ],
      [
        22.582803,
        57.651148
      ],
      [
        22.582803,
        57.651148
      ],
      [
        22.582867,
        57.651061
      ],
      [
        22.582867,
        57.651061
      ],
      [
        22.582867,
        57.651061
      ],
      [
        22.582867,
        57.651061
      ],
      [
        22.582867,
        57.651061
      ],
      [
        22.582867,
        57.651061
      ],
      [
        22.582867,
        57.651061
      ],
      [
        22.582867,
        57.651061
      ],
      [
        22.582867,
        57.651061
      ],
      [
        22.582867,
        57.651061
      ],
      [
        22.582788,
        57.65098
      ],
      [
        22.582788,
        57.65098
      ],
      [
        22.582769,
        57.650978
      ],
      [
        22.582751,
        57.650975
      ],
      [
        22.582732,
        57.650973
      ],
      [
        22.582714,
        57.65097
      ],
      [
        22.582695,
        57.650968
      ],
      [
        22.582677,
        57.650966
      ],
      [
        22.582658,
        57.650963
      ],
      [
        22.58264,
        57.650961
      ],
      [
        22.582621,
        57.650959
      ],
      [
        22.582602,
        57.650956
      ],
      [
        22.582584,
        57.650954
      ],
      [
        22.582565,
        57.650951
      ],
      [
        22.582547,
        57.650949
      ],
      [
        22.582528,
        57.650947
      ],
      [
        22.58251,
        57.650944
      ],
      [
        22.582491,
        57.650942
      ],
      [
        22.582473,
        57.650939
      ],
      [
        22.582454,
        57.650937
      ],
      [
        22.582454,
        57.650937
      ],
      [
        22.582454,
        57.650937
      ],
      [
        22.582454,
        57.650937
      ],
      [
        22.582454,
        57.650937
      ],
      [
        22.582454,
        57.650937
      ],
      [
        22.582454,
        57.650937
      ],
      [
        22.582454,
        57.650937
      ],
      [
        22.582454,
        57.650937
      ],
      [
        22.582454,
        57.650937
      ],
      [
        22.582454,
        57.650937
      ],
      [
        22.582287,
        57.650962
      ],
      [
        22.582287,
        57.650962
      ],
      [
        22.582139,
        57.651021
      ],
      [
        22.582139,
        57.651021
      ],
      [
        22.582139,
        57.651021
      ],
      [
        22.581969,
        57.650979
      ],
      [
        22.581921,
        57.650964
      ]
    ]
  }
}